<?xml version="1.0" encoding="UTF-8"?>
<DARoots Version="1" Minor="30">
  <FileSet Name="sources_1" Type="DesignSrcs" RelSrcDir="$PSRCDIR/sources_1">
    <Filter Type="Srcs"/>
    <File Path="$PSRCDIR/sources_1/imports/rtl/traffic_gen/mig_7series_v2_0_vio_init_pattern_bram.v">
      <FileInfo>
        <Attr Name="ImportPath" Val="$PPRDIR/../../HTG-V7-FMC.srcs/sources_1/ip/ddr3_controller/ddr3_controller/example_design/rtl/traffic_gen/mig_7series_v2_0_vio_init_pattern_bram.v"/>
        <Attr Name="ImportTime" Val="1376705346"/>
        <Attr Name="UsedInSynthesis" Val="1"/>
        <Attr Name="UsedInImplementation" Val="1"/>
        <Attr Name="UsedInSimulation" Val="1"/>
        <Attr Name="UsedIn" Val="synthesis"/>
        <Attr Name="UsedIn" Val="implementation"/>
        <Attr Name="UsedIn" Val="simulation"/>
      </FileInfo>
    </File>
    <File Path="$PSRCDIR/sources_1/imports/rtl/traffic_gen/mig_7series_v2_0_tg_prbs_gen.v">
      <FileInfo>
        <Attr Name="ImportPath" Val="$PPRDIR/../../HTG-V7-FMC.srcs/sources_1/ip/ddr3_controller/ddr3_controller/example_design/rtl/traffic_gen/mig_7series_v2_0_tg_prbs_gen.v"/>
        <Attr Name="ImportTime" Val="1376705346"/>
        <Attr Name="UsedInSynthesis" Val="1"/>
        <Attr Name="UsedInImplementation" Val="1"/>
        <Attr Name="UsedInSimulation" Val="1"/>
        <Attr Name="UsedIn" Val="synthesis"/>
        <Attr Name="UsedIn" Val="implementation"/>
        <Attr Name="UsedIn" Val="simulation"/>
      </FileInfo>
    </File>
    <File Path="$PSRCDIR/sources_1/imports/rtl/traffic_gen/mig_7series_v2_0_data_prbs_gen.v">
      <FileInfo>
        <Attr Name="ImportPath" Val="$PPRDIR/../../HTG-V7-FMC.srcs/sources_1/ip/ddr3_controller/ddr3_controller/example_design/rtl/traffic_gen/mig_7series_v2_0_data_prbs_gen.v"/>
        <Attr Name="ImportTime" Val="1376705346"/>
        <Attr Name="UsedInSynthesis" Val="1"/>
        <Attr Name="UsedInImplementation" Val="1"/>
        <Attr Name="UsedInSimulation" Val="1"/>
        <Attr Name="UsedIn" Val="synthesis"/>
        <Attr Name="UsedIn" Val="implementation"/>
        <Attr Name="UsedIn" Val="simulation"/>
      </FileInfo>
    </File>
    <File Path="$PSRCDIR/sources_1/imports/rtl/traffic_gen/mig_7series_v2_0_s7ven_data_gen.v">
      <FileInfo>
        <Attr Name="ImportPath" Val="$PPRDIR/../../HTG-V7-FMC.srcs/sources_1/ip/ddr3_controller/ddr3_controller/example_design/rtl/traffic_gen/mig_7series_v2_0_s7ven_data_gen.v"/>
        <Attr Name="ImportTime" Val="1376705346"/>
        <Attr Name="UsedInSynthesis" Val="1"/>
        <Attr Name="UsedInImplementation" Val="1"/>
        <Attr Name="UsedInSimulation" Val="1"/>
        <Attr Name="UsedIn" Val="synthesis"/>
        <Attr Name="UsedIn" Val="implementation"/>
        <Attr Name="UsedIn" Val="simulation"/>
      </FileInfo>
    </File>
    <File Path="$PSRCDIR/sources_1/imports/rtl/traffic_gen/mig_7series_v2_0_afifo.v">
      <FileInfo>
        <Attr Name="ImportPath" Val="$PPRDIR/../../HTG-V7-FMC.srcs/sources_1/ip/ddr3_controller/ddr3_controller/example_design/rtl/traffic_gen/mig_7series_v2_0_afifo.v"/>
        <Attr Name="ImportTime" Val="1376705346"/>
        <Attr Name="UsedInSynthesis" Val="1"/>
        <Attr Name="UsedInImplementation" Val="1"/>
        <Attr Name="UsedInSimulation" Val="1"/>
        <Attr Name="UsedIn" Val="synthesis"/>
        <Attr Name="UsedIn" Val="implementation"/>
        <Attr Name="UsedIn" Val="simulation"/>
      </FileInfo>
    </File>
    <File Path="$PSRCDIR/sources_1/imports/rtl/traffic_gen/mig_7series_v2_0_wr_data_gen.v">
      <FileInfo>
        <Attr Name="ImportPath" Val="$PPRDIR/../../HTG-V7-FMC.srcs/sources_1/ip/ddr3_controller/ddr3_controller/example_design/rtl/traffic_gen/mig_7series_v2_0_wr_data_gen.v"/>
        <Attr Name="ImportTime" Val="1376705346"/>
        <Attr Name="UsedInSynthesis" Val="1"/>
        <Attr Name="UsedInImplementation" Val="1"/>
        <Attr Name="UsedInSimulation" Val="1"/>
        <Attr Name="UsedIn" Val="synthesis"/>
        <Attr Name="UsedIn" Val="implementation"/>
        <Attr Name="UsedIn" Val="simulation"/>
      </FileInfo>
    </File>
    <File Path="$PSRCDIR/sources_1/imports/rtl/traffic_gen/mig_7series_v2_0_read_posted_fifo.v">
      <FileInfo>
        <Attr Name="ImportPath" Val="$PPRDIR/../../HTG-V7-FMC.srcs/sources_1/ip/ddr3_controller/ddr3_controller/example_design/rtl/traffic_gen/mig_7series_v2_0_read_posted_fifo.v"/>
        <Attr Name="ImportTime" Val="1376705346"/>
        <Attr Name="UsedInSynthesis" Val="1"/>
        <Attr Name="UsedInImplementation" Val="1"/>
        <Attr Name="UsedInSimulation" Val="1"/>
        <Attr Name="UsedIn" Val="synthesis"/>
        <Attr Name="UsedIn" Val="implementation"/>
        <Attr Name="UsedIn" Val="simulation"/>
      </FileInfo>
    </File>
    <File Path="$PSRCDIR/sources_1/imports/rtl/traffic_gen/mig_7series_v2_0_rd_data_gen.v">
      <FileInfo>
        <Attr Name="ImportPath" Val="$PPRDIR/../../HTG-V7-FMC.srcs/sources_1/ip/ddr3_controller/ddr3_controller/example_design/rtl/traffic_gen/mig_7series_v2_0_rd_data_gen.v"/>
        <Attr Name="ImportTime" Val="1376705346"/>
        <Attr Name="UsedInSynthesis" Val="1"/>
        <Attr Name="UsedInImplementation" Val="1"/>
        <Attr Name="UsedInSimulation" Val="1"/>
        <Attr Name="UsedIn" Val="synthesis"/>
        <Attr Name="UsedIn" Val="implementation"/>
        <Attr Name="UsedIn" Val="simulation"/>
      </FileInfo>
    </File>
    <File Path="$PSRCDIR/sources_1/imports/rtl/traffic_gen/mig_7series_v2_0_cmd_prbs_gen.v">
      <FileInfo>
        <Attr Name="ImportPath" Val="$PPRDIR/../../HTG-V7-FMC.srcs/sources_1/ip/ddr3_controller/ddr3_controller/example_design/rtl/traffic_gen/mig_7series_v2_0_cmd_prbs_gen.v"/>
        <Attr Name="ImportTime" Val="1376705346"/>
        <Attr Name="UsedInSynthesis" Val="1"/>
        <Attr Name="UsedInImplementation" Val="1"/>
        <Attr Name="UsedInSimulation" Val="1"/>
        <Attr Name="UsedIn" Val="synthesis"/>
        <Attr Name="UsedIn" Val="implementation"/>
        <Attr Name="UsedIn" Val="simulation"/>
      </FileInfo>
    </File>
    <File Path="$PSRCDIR/sources_1/imports/rtl/traffic_gen/mig_7series_v2_0_write_data_path.v">
      <FileInfo>
        <Attr Name="ImportPath" Val="$PPRDIR/../../HTG-V7-FMC.srcs/sources_1/ip/ddr3_controller/ddr3_controller/example_design/rtl/traffic_gen/mig_7series_v2_0_write_data_path.v"/>
        <Attr Name="ImportTime" Val="1376705346"/>
        <Attr Name="UsedInSynthesis" Val="1"/>
        <Attr Name="UsedInImplementation" Val="1"/>
        <Attr Name="UsedInSimulation" Val="1"/>
        <Attr Name="UsedIn" Val="synthesis"/>
        <Attr Name="UsedIn" Val="implementation"/>
        <Attr Name="UsedIn" Val="simulation"/>
      </FileInfo>
    </File>
    <File Path="$PSRCDIR/sources_1/imports/rtl/traffic_gen/mig_7series_v2_0_tg_status.v">
      <FileInfo>
        <Attr Name="ImportPath" Val="$PPRDIR/../../HTG-V7-FMC.srcs/sources_1/ip/ddr3_controller/ddr3_controller/example_design/rtl/traffic_gen/mig_7series_v2_0_tg_status.v"/>
        <Attr Name="ImportTime" Val="1376705346"/>
        <Attr Name="UsedInSynthesis" Val="1"/>
        <Attr Name="UsedInImplementation" Val="1"/>
        <Attr Name="UsedInSimulation" Val="1"/>
        <Attr Name="UsedIn" Val="synthesis"/>
        <Attr Name="UsedIn" Val="implementation"/>
        <Attr Name="UsedIn" Val="simulation"/>
      </FileInfo>
    </File>
    <File Path="$PSRCDIR/sources_1/imports/rtl/traffic_gen/mig_7series_v2_0_read_data_path.v">
      <FileInfo>
        <Attr Name="ImportPath" Val="$PPRDIR/../../HTG-V7-FMC.srcs/sources_1/ip/ddr3_controller/ddr3_controller/example_design/rtl/traffic_gen/mig_7series_v2_0_read_data_path.v"/>
        <Attr Name="ImportTime" Val="1376705346"/>
        <Attr Name="UsedInSynthesis" Val="1"/>
        <Attr Name="UsedInImplementation" Val="1"/>
        <Attr Name="UsedInSimulation" Val="1"/>
        <Attr Name="UsedIn" Val="synthesis"/>
        <Attr Name="UsedIn" Val="implementation"/>
        <Attr Name="UsedIn" Val="simulation"/>
      </FileInfo>
    </File>
    <File Path="$PSRCDIR/sources_1/imports/rtl/traffic_gen/mig_7series_v2_0_memc_flow_vcontrol.v">
      <FileInfo>
        <Attr Name="ImportPath" Val="$PPRDIR/../../HTG-V7-FMC.srcs/sources_1/ip/ddr3_controller/ddr3_controller/example_design/rtl/traffic_gen/mig_7series_v2_0_memc_flow_vcontrol.v"/>
        <Attr Name="ImportTime" Val="1376705346"/>
        <Attr Name="UsedInSynthesis" Val="1"/>
        <Attr Name="UsedInImplementation" Val="1"/>
        <Attr Name="UsedInSimulation" Val="1"/>
        <Attr Name="UsedIn" Val="synthesis"/>
        <Attr Name="UsedIn" Val="implementation"/>
        <Attr Name="UsedIn" Val="simulation"/>
      </FileInfo>
    </File>
    <File Path="$PSRCDIR/sources_1/imports/rtl/traffic_gen/mig_7series_v2_0_cmd_gen.v">
      <FileInfo>
        <Attr Name="ImportPath" Val="$PPRDIR/../../HTG-V7-FMC.srcs/sources_1/ip/ddr3_controller/ddr3_controller/example_design/rtl/traffic_gen/mig_7series_v2_0_cmd_gen.v"/>
        <Attr Name="ImportTime" Val="1376705346"/>
        <Attr Name="UsedInSynthesis" Val="1"/>
        <Attr Name="UsedInImplementation" Val="1"/>
        <Attr Name="UsedInSimulation" Val="1"/>
        <Attr Name="UsedIn" Val="synthesis"/>
        <Attr Name="UsedIn" Val="implementation"/>
        <Attr Name="UsedIn" Val="simulation"/>
      </FileInfo>
    </File>
    <File Path="$PSRCDIR/sources_1/imports/rtl/traffic_gen/mig_7series_v2_0_memc_traffic_gen.v">
      <FileInfo>
        <Attr Name="ImportPath" Val="$PPRDIR/../../HTG-V7-FMC.srcs/sources_1/ip/ddr3_controller/ddr3_controller/example_design/rtl/traffic_gen/mig_7series_v2_0_memc_traffic_gen.v"/>
        <Attr Name="ImportTime" Val="1376705346"/>
        <Attr Name="UsedInSynthesis" Val="1"/>
        <Attr Name="UsedInImplementation" Val="1"/>
        <Attr Name="UsedInSimulation" Val="1"/>
        <Attr Name="UsedIn" Val="synthesis"/>
        <Attr Name="UsedIn" Val="implementation"/>
        <Attr Name="UsedIn" Val="simulation"/>
      </FileInfo>
    </File>
    <File Path="$PSRCDIR/sources_1/imports/rtl/traffic_gen/mig_7series_v2_0_init_mem_pattern_ctr.v">
      <FileInfo>
        <Attr Name="ImportPath" Val="$PPRDIR/../../HTG-V7-FMC.srcs/sources_1/ip/ddr3_controller/ddr3_controller/example_design/rtl/traffic_gen/mig_7series_v2_0_init_mem_pattern_ctr.v"/>
        <Attr Name="ImportTime" Val="1376705346"/>
        <Attr Name="UsedInSynthesis" Val="1"/>
        <Attr Name="UsedInImplementation" Val="1"/>
        <Attr Name="UsedInSimulation" Val="1"/>
        <Attr Name="UsedIn" Val="synthesis"/>
        <Attr Name="UsedIn" Val="implementation"/>
        <Attr Name="UsedIn" Val="simulation"/>
      </FileInfo>
    </File>
    <File Path="$PSRCDIR/sources_1/ip/vio_twm_ddrx/vio_twm_ddrx.xci">
      <FileInfo>
        <Attr Name="UsedInSynthesis" Val="1"/>
        <Attr Name="UsedInImplementation" Val="1"/>
        <Attr Name="UsedInSimulation" Val="1"/>
        <Attr Name="UsedIn" Val="synthesis"/>
        <Attr Name="UsedIn" Val="implementation"/>
        <Attr Name="UsedIn" Val="simulation"/>
      </FileInfo>
    </File>
    <File Path="$PSRCDIR/sources_1/ip/ila_ddrx_native/ila_ddrx_native.xci">
      <FileInfo>
        <Attr Name="UsedInSynthesis" Val="1"/>
        <Attr Name="UsedInImplementation" Val="1"/>
        <Attr Name="UsedInSimulation" Val="1"/>
        <Attr Name="UsedIn" Val="synthesis"/>
        <Attr Name="UsedIn" Val="implementation"/>
        <Attr Name="UsedIn" Val="simulation"/>
      </FileInfo>
    </File>
    <File Path="$PSRCDIR/sources_1/ip/ddr3_controller/ddr3_controller.xci">
      <FileInfo>
        <Attr Name="UsedInSynthesis" Val="1"/>
        <Attr Name="UsedInImplementation" Val="1"/>
        <Attr Name="UsedInSimulation" Val="1"/>
        <Attr Name="UsedIn" Val="synthesis"/>
        <Attr Name="UsedIn" Val="implementation"/>
        <Attr Name="UsedIn" Val="simulation"/>
      </FileInfo>
    </File>
    <File Path="$PSRCDIR/sources_1/imports/rtl/traffic_gen/mig_7series_v2_0_traffic_gen_top.v">
      <FileInfo>
        <Attr Name="ImportPath" Val="$PPRDIR/../../HTG-V7-FMC.srcs/sources_1/ip/ddr3_controller/ddr3_controller/example_design/rtl/traffic_gen/mig_7series_v2_0_traffic_gen_top.v"/>
        <Attr Name="ImportTime" Val="1376705346"/>
        <Attr Name="UsedInSynthesis" Val="1"/>
        <Attr Name="UsedInImplementation" Val="1"/>
        <Attr Name="UsedInSimulation" Val="1"/>
        <Attr Name="UsedIn" Val="synthesis"/>
        <Attr Name="UsedIn" Val="implementation"/>
        <Attr Name="UsedIn" Val="simulation"/>
      </FileInfo>
    </File>
    <File Path="$PSRCDIR/sources_1/imports/rtl/mig_7series_v2_0_chk_win.v">
      <FileInfo>
        <Attr Name="ImportPath" Val="$PPRDIR/../../HTG-V7-FMC.srcs/sources_1/ip/ddr3_controller/ddr3_controller/example_design/rtl/mig_7series_v2_0_chk_win.v"/>
        <Attr Name="ImportTime" Val="1376705346"/>
        <Attr Name="UsedInSynthesis" Val="1"/>
        <Attr Name="UsedInImplementation" Val="1"/>
        <Attr Name="UsedInSimulation" Val="1"/>
        <Attr Name="UsedIn" Val="synthesis"/>
        <Attr Name="UsedIn" Val="implementation"/>
        <Attr Name="UsedIn" Val="simulation"/>
      </FileInfo>
    </File>
    <File Path="$PSRCDIR/sources_1/imports/rtl/example_top.v">
      <FileInfo>
        <Attr Name="ImportPath" Val="$PPRDIR/../../HTG-V7-FMC.srcs/sources_1/ip/ddr3_controller/ddr3_controller/example_design/rtl/example_top.v"/>
        <Attr Name="ImportTime" Val="1376705346"/>
        <Attr Name="UsedInSynthesis" Val="1"/>
        <Attr Name="UsedInImplementation" Val="1"/>
        <Attr Name="UsedInSimulation" Val="1"/>
        <Attr Name="UsedIn" Val="synthesis"/>
        <Attr Name="UsedIn" Val="implementation"/>
        <Attr Name="UsedIn" Val="simulation"/>
      </FileInfo>
    </File>
    <File Path="$PSRCDIR/sources_1/imports/rtl/ddr2_ddr3_chipscope.v">
      <FileInfo>
        <Attr Name="ImportPath" Val="$PPRDIR/../../HTG-V7-FMC.srcs/sources_1/ip/ddr3_controller/ddr3_controller/example_design/rtl/ddr2_ddr3_chipscope.v"/>
        <Attr Name="ImportTime" Val="1376705346"/>
        <Attr Name="UsedInSynthesis" Val="1"/>
        <Attr Name="UsedInImplementation" Val="1"/>
        <Attr Name="UsedInSimulation" Val="1"/>
        <Attr Name="UsedIn" Val="synthesis"/>
        <Attr Name="UsedIn" Val="implementation"/>
        <Attr Name="UsedIn" Val="simulation"/>
      </FileInfo>
    </File>
    <Config>
      <Option Name="DesignMode" Val="RTL"/>
      <Option Name="TopModule" Val="example_top"/>
    </Config>
  </FileSet>
</DARoots>
