<?xml version="1.0" encoding="UTF-8"?>
<DARoots Version="1" Minor="30">
  <FileSet Name="sim_1" Type="SimulationSrcs" RelSrcDir="$PSRCDIR/sim_1">
    <File Path="$PSRCDIR/sim_1/imports/sim/wiredly.v">
      <FileInfo>
        <Attr Name="ImportPath" Val="$PPRDIR/../../HTG-V7-FMC.srcs/sources_1/ip/ddr3_controller/ddr3_controller/example_design/sim/wiredly.v"/>
        <Attr Name="ImportTime" Val="1376705346"/>
        <Attr Name="UsedInSynthesis" Val="1"/>
        <Attr Name="UsedInImplementation" Val="1"/>
        <Attr Name="UsedInSimulation" Val="1"/>
        <Attr Name="UsedIn" Val="synthesis"/>
        <Attr Name="UsedIn" Val="implementation"/>
        <Attr Name="UsedIn" Val="simulation"/>
      </FileInfo>
    </File>
    <File Path="$PSRCDIR/sim_1/imports/sim/ddr3_model_parameters.vh">
      <FileInfo>
        <Attr Name="ImportPath" Val="$PPRDIR/../../HTG-V7-FMC.srcs/sources_1/ip/ddr3_controller/ddr3_controller/example_design/sim/ddr3_model_parameters.vh"/>
        <Attr Name="ImportTime" Val="1376705346"/>
        <Attr Name="UsedInSynthesis" Val="1"/>
        <Attr Name="UsedInSimulation" Val="1"/>
        <Attr Name="UsedIn" Val="synthesis"/>
        <Attr Name="UsedIn" Val="implementation"/>
        <Attr Name="UsedIn" Val="simulation"/>
      </FileInfo>
    </File>
    <File Path="$PSRCDIR/sim_1/imports/sim/ddr3_model.v">
      <FileInfo>
        <Attr Name="ImportPath" Val="$PPRDIR/../../HTG-V7-FMC.srcs/sources_1/ip/ddr3_controller/ddr3_controller/example_design/sim/ddr3_model.v"/>
        <Attr Name="ImportTime" Val="1376705346"/>
        <Attr Name="UsedInSynthesis" Val="1"/>
        <Attr Name="UsedInImplementation" Val="1"/>
        <Attr Name="UsedInSimulation" Val="1"/>
        <Attr Name="UsedIn" Val="synthesis"/>
        <Attr Name="UsedIn" Val="implementation"/>
        <Attr Name="UsedIn" Val="simulation"/>
      </FileInfo>
    </File>
    <File Path="$PSRCDIR/sim_1/imports/sim/sim_tb_top.v">
      <FileInfo>
        <Attr Name="ImportPath" Val="$PPRDIR/../../HTG-V7-FMC.srcs/sources_1/ip/ddr3_controller/ddr3_controller/example_design/sim/sim_tb_top.v"/>
        <Attr Name="ImportTime" Val="1376705346"/>
        <Attr Name="UsedInSynthesis" Val="1"/>
        <Attr Name="UsedInImplementation" Val="1"/>
        <Attr Name="UsedInSimulation" Val="1"/>
        <Attr Name="UsedIn" Val="synthesis"/>
        <Attr Name="UsedIn" Val="implementation"/>
        <Attr Name="UsedIn" Val="simulation"/>
      </FileInfo>
    </File>
    <Config>
      <Option Name="DesignMode" Val="RTL"/>
      <Option Name="TopModule" Val="sim_tb_top"/>
      <Option Name="TopLib" Val="work"/>
      <Option Name="TopRTLFile" Val="$PSRCDIR/sim_1/imports/sim/sim_tb_top.v"/>
      <Option Name="TopAutoSet" Val="TRUE"/>
      <Option Name="SrcSet" Val="sources_1"/>
    </Config>
  </FileSet>
</DARoots>
