<?xml version="1.0"?>
<ChipScope Version="1" Minor="3">
	<Core Id="CHIPSCOPE_INST.u_ila_ddrx_native" Type="labtools_ila_v2">
		<CoreStatus isImpl="1" isFromHDL="1"/>
		<CoreParams Id="DebugCoreParams">
			<Option Id="CDATADEPTH">1024</Option>
			<Option Id="CTRIGINEN">0</Option>
			<Option Id="CTRIGOUTEN">0</Option>
		</CoreParams>
		<Port Type="CLK" Index="0" Width="1">
			<PortParams Id="DebugPortParams">
			</PortParams>
		</Port>
		<Port Type="PROBE" Index="0" Width="1">
			<PortParams Id="DebugPortParams">
			</PortParams>
		</Port>
		<Port Type="PROBE" Index="1" Width="1">
			<PortParams Id="DebugPortParams">
			</PortParams>
		</Port>
		<Port Type="PROBE" Index="2" Width="1">
			<PortParams Id="DebugPortParams">
			</PortParams>
		</Port>
		<Port Type="PROBE" Index="3" Width="1">
			<PortParams Id="DebugPortParams">
			</PortParams>
		</Port>
		<Port Type="PROBE" Index="4" Width="1">
			<PortParams Id="DebugPortParams">
			</PortParams>
		</Port>
		<Port Type="PROBE" Index="5" Width="1">
			<PortParams Id="DebugPortParams">
			</PortParams>
		</Port>
		<Port Type="PROBE" Index="6" Width="1">
			<PortParams Id="DebugPortParams">
			</PortParams>
		</Port>
		<Port Type="PROBE" Index="7" Width="1">
			<PortParams Id="DebugPortParams">
			</PortParams>
		</Port>
		<Port Type="PROBE" Index="8" Width="1">
			<PortParams Id="DebugPortParams">
			</PortParams>
		</Port>
		<Port Type="PROBE" Index="9" Width="1">
			<PortParams Id="DebugPortParams">
			</PortParams>
		</Port>
		<Port Type="PROBE" Index="10" Width="2">
			<PortParams Id="DebugPortParams">
			</PortParams>
		</Port>
		<Port Type="PROBE" Index="11" Width="2">
			<PortParams Id="DebugPortParams">
			</PortParams>
		</Port>
		<Port Type="PROBE" Index="12" Width="2">
			<PortParams Id="DebugPortParams">
			</PortParams>
		</Port>
		<Port Type="PROBE" Index="13" Width="1">
			<PortParams Id="DebugPortParams">
			</PortParams>
		</Port>
		<Port Type="PROBE" Index="14" Width="1">
			<PortParams Id="DebugPortParams">
			</PortParams>
		</Port>
		<Port Type="PROBE" Index="15" Width="1">
			<PortParams Id="DebugPortParams">
			</PortParams>
		</Port>
		<Port Type="PROBE" Index="16" Width="1">
			<PortParams Id="DebugPortParams">
			</PortParams>
		</Port>
		<Port Type="PROBE" Index="17" Width="1">
			<PortParams Id="DebugPortParams">
			</PortParams>
		</Port>
		<Port Type="PROBE" Index="18" Width="6">
			<PortParams Id="DebugPortParams">
			</PortParams>
		</Port>
		<Port Type="PROBE" Index="19" Width="1">
			<PortParams Id="DebugPortParams">
			</PortParams>
		</Port>
		<Port Type="PROBE" Index="20" Width="64">
			<PortParams Id="DebugPortParams">
			</PortParams>
		</Port>
		<Port Type="PROBE" Index="21" Width="1">
			<PortParams Id="DebugPortParams">
			</PortParams>
		</Port>
		<Port Type="PROBE" Index="22" Width="1">
			<PortParams Id="DebugPortParams">
			</PortParams>
		</Port>
		<Port Type="PROBE" Index="23" Width="1">
			<PortParams Id="DebugPortParams">
			</PortParams>
		</Port>
		<Port Type="PROBE" Index="24" Width="1">
			<PortParams Id="DebugPortParams">
			</PortParams>
		</Port>
		<Port Type="PROBE" Index="25" Width="1">
			<PortParams Id="DebugPortParams">
			</PortParams>
		</Port>
		<Port Type="PROBE" Index="26" Width="1">
			<PortParams Id="DebugPortParams">
			</PortParams>
		</Port>
		<Port Type="PROBE" Index="27" Width="1">
			<PortParams Id="DebugPortParams">
			</PortParams>
		</Port>
		<Port Type="PROBE" Index="28" Width="64">
			<PortParams Id="DebugPortParams">
			</PortParams>
		</Port>
		<Port Type="PROBE" Index="29" Width="8">
			<PortParams Id="DebugPortParams">
			</PortParams>
		</Port>
		<Port Type="PROBE" Index="30" Width="8">
			<PortParams Id="DebugPortParams">
			</PortParams>
		</Port>
		<Port Type="PROBE" Index="31" Width="32">
			<PortParams Id="DebugPortParams">
			</PortParams>
		</Port>
		<Port Type="PROBE" Index="32" Width="6">
			<PortParams Id="DebugPortParams">
			</PortParams>
		</Port>
		<Port Type="PROBE" Index="33" Width="1">
			<PortParams Id="DebugPortParams">
			</PortParams>
		</Port>
		<Port Type="PROBE" Index="34" Width="1">
			<PortParams Id="DebugPortParams">
			</PortParams>
		</Port>
		<Port Type="PROBE" Index="35" Width="1">
			<PortParams Id="DebugPortParams">
			</PortParams>
		</Port>
		<Port Type="PROBE" Index="36" Width="2">
			<PortParams Id="DebugPortParams">
			</PortParams>
		</Port>
		<Port Type="PROBE" Index="37" Width="5">
			<PortParams Id="DebugPortParams">
			</PortParams>
		</Port>
		<Port Type="PROBE" Index="38" Width="4">
			<PortParams Id="DebugPortParams">
			</PortParams>
		</Port>
		<Port Type="PROBE" Index="39" Width="1">
			<PortParams Id="DebugPortParams">
			</PortParams>
		</Port>
		<Port Type="PROBE" Index="40" Width="1">
			<PortParams Id="DebugPortParams">
			</PortParams>
		</Port>
		<Port Type="PROBE" Index="41" Width="6">
			<PortParams Id="DebugPortParams">
			</PortParams>
		</Port>
		<Port Type="PROBE" Index="42" Width="3">
			<PortParams Id="DebugPortParams">
			</PortParams>
		</Port>
		<Port Type="PROBE" Index="43" Width="6">
			<PortParams Id="DebugPortParams">
			</PortParams>
		</Port>
		<Port Type="PROBE" Index="44" Width="1">
			<PortParams Id="DebugPortParams">
			</PortParams>
		</Port>
		<Port Type="PROBE" Index="45" Width="1">
			<PortParams Id="DebugPortParams">
			</PortParams>
		</Port>
		<Port Type="PROBE" Index="46" Width="6">
			<PortParams Id="DebugPortParams">
			</PortParams>
		</Port>
		<Port Type="PROBE" Index="47" Width="6">
			<PortParams Id="DebugPortParams">
			</PortParams>
		</Port>
		<Port Type="PROBE" Index="48" Width="5">
			<PortParams Id="DebugPortParams">
			</PortParams>
		</Port>
		<Port Type="PROBE" Index="49" Width="6">
			<PortParams Id="DebugPortParams">
			</PortParams>
		</Port>
		<Port Type="PROBE" Index="50" Width="1">
			<PortParams Id="DebugPortParams">
			</PortParams>
		</Port>
		<Port Type="PROBE" Index="51" Width="1">
			<PortParams Id="DebugPortParams">
			</PortParams>
		</Port>
		<Port Type="PROBE" Index="52" Width="4">
			<PortParams Id="DebugPortParams">
			</PortParams>
		</Port>
		<Port Type="PROBE" Index="53" Width="5">
			<PortParams Id="DebugPortParams">
			</PortParams>
		</Port>
		<Port Type="PROBE" Index="54" Width="5">
			<PortParams Id="DebugPortParams">
			</PortParams>
		</Port>
		<Port Type="PROBE" Index="55" Width="1">
			<PortParams Id="DebugPortParams">
			</PortParams>
		</Port>
		<Port Type="PROBE" Index="56" Width="1">
			<PortParams Id="DebugPortParams">
			</PortParams>
		</Port>
		<Port Type="PROBE" Index="57" Width="4">
			<PortParams Id="DebugPortParams">
			</PortParams>
		</Port>
		<Port Type="PROBE" Index="58" Width="54">
			<PortParams Id="DebugPortParams">
			</PortParams>
		</Port>
		<Port Type="PROBE" Index="59" Width="27">
			<PortParams Id="DebugPortParams">
			</PortParams>
		</Port>
		<Port Type="PROBE" Index="60" Width="12">
			<PortParams Id="DebugPortParams">
			</PortParams>
		</Port>
		<Port Type="PROBE" Index="61" Width="12">
			<PortParams Id="DebugPortParams">
			</PortParams>
		</Port>
		<Port Type="PROBE" Index="62" Width="12">
			<PortParams Id="DebugPortParams">
			</PortParams>
		</Port>
		<Port Type="PROBE" Index="63" Width="6">
			<PortParams Id="DebugPortParams">
			</PortParams>
		</Port>
		<Port Type="PROBE" Index="64" Width="4">
			<PortParams Id="DebugPortParams">
			</PortParams>
		</Port>
		<Port Type="PROBE" Index="65" Width="8">
			<PortParams Id="DebugPortParams">
			</PortParams>
		</Port>
		<Port Type="PROBE" Index="66" Width="8">
			<PortParams Id="DebugPortParams">
			</PortParams>
		</Port>
		<Port Type="PROBE" Index="67" Width="8">
			<PortParams Id="DebugPortParams">
			</PortParams>
		</Port>
		<Port Type="PROBE" Index="68" Width="8">
			<PortParams Id="DebugPortParams">
			</PortParams>
		</Port>
		<Port Type="PROBE" Index="69" Width="8">
			<PortParams Id="DebugPortParams">
			</PortParams>
		</Port>
		<Port Type="PROBE" Index="70" Width="8">
			<PortParams Id="DebugPortParams">
			</PortParams>
		</Port>
		<Port Type="PROBE" Index="71" Width="8">
			<PortParams Id="DebugPortParams">
			</PortParams>
		</Port>
		<Port Type="PROBE" Index="72" Width="8">
			<PortParams Id="DebugPortParams">
			</PortParams>
		</Port>
		<Port Type="PROBE" Index="73" Width="1">
			<PortParams Id="DebugPortParams">
			</PortParams>
		</Port>
		<Port Type="PROBE" Index="74" Width="1">
			<PortParams Id="DebugPortParams">
			</PortParams>
		</Port>
		<Port Type="PROBE" Index="75" Width="6">
			<PortParams Id="DebugPortParams">
			</PortParams>
		</Port>
		<Port Type="PROBE" Index="76" Width="6">
			<PortParams Id="DebugPortParams">
			</PortParams>
		</Port>
		<Port Type="PROBE" Index="77" Width="6">
			<PortParams Id="DebugPortParams">
			</PortParams>
		</Port>
		<Port Type="PROBE" Index="78" Width="5">
			<PortParams Id="DebugPortParams">
			</PortParams>
		</Port>
		<Port Type="PROBE" Index="79" Width="12">
			<PortParams Id="DebugPortParams">
			</PortParams>
		</Port>
		<Port Type="PROBE" Index="80" Width="12">
			<PortParams Id="DebugPortParams">
			</PortParams>
		</Port>
		<Port Type="PROBE" Index="81" Width="6">
			<PortParams Id="DebugPortParams">
			</PortParams>
		</Port>
		<Port Type="PROBE" Index="82" Width="6">
			<PortParams Id="DebugPortParams">
			</PortParams>
		</Port>
		<Port Type="PROBE" Index="83" Width="6">
			<PortParams Id="DebugPortParams">
			</PortParams>
		</Port>
		<Port Type="PROBE" Index="84" Width="108">
			<PortParams Id="DebugPortParams">
			</PortParams>
		</Port>
		<Port Type="PROBE" Index="85" Width="108">
			<PortParams Id="DebugPortParams">
			</PortParams>
		</Port>
		<Port Type="PROBE" Index="86" Width="108">
			<PortParams Id="DebugPortParams">
			</PortParams>
		</Port>
		<Port Type="PROBE" Index="87" Width="90">
			<PortParams Id="DebugPortParams">
			</PortParams>
		</Port>
		<Port Type="PROBE" Index="88" Width="255">
			<PortParams Id="DebugPortParams">
			</PortParams>
		</Port>
	</Core>
	<Core Id="CHIPSCOPE_INST.u_vio_twm_ddrx" Type="labtools_vio_v2">
		<CoreStatus isImpl="1" isFromHDL="1"/>
		<CoreParams Id="DebugCoreParams">
			<Option Id="CENPROBEINACTIVITY">1</Option>
		</CoreParams>
		<Port Type="CLK" Index="0" Width="1">
			<PortParams Id="DebugPortParams">
			</PortParams>
		</Port>
		<Port Type="PROBE_IN" Index="0" Width="1">
			<PortParams Id="DebugPortParams">
			</PortParams>
		</Port>
		<Port Type="PROBE_IN" Index="1" Width="6">
			<PortParams Id="DebugPortParams">
			</PortParams>
		</Port>
		<Port Type="PROBE_IN" Index="2" Width="6">
			<PortParams Id="DebugPortParams">
			</PortParams>
		</Port>
		<Port Type="PROBE_IN" Index="3" Width="6">
			<PortParams Id="DebugPortParams">
			</PortParams>
		</Port>
		<Port Type="PROBE_IN" Index="4" Width="1">
			<PortParams Id="DebugPortParams">
			</PortParams>
		</Port>
		<Port Type="PROBE_IN" Index="5" Width="32">
			<PortParams Id="DebugPortParams">
			</PortParams>
		</Port>
		<Port Type="PROBE_IN" Index="6" Width="7">
			<PortParams Id="DebugPortParams">
			</PortParams>
		</Port>
		<Port Type="PROBE_IN" Index="7" Width="4">
			<PortParams Id="DebugPortParams">
			</PortParams>
		</Port>
		<Port Type="PROBE_IN" Index="8" Width="7">
			<PortParams Id="DebugPortParams">
			</PortParams>
		</Port>
		<Port Type="PROBE_IN" Index="9" Width="9">
			<PortParams Id="DebugPortParams">
			</PortParams>
		</Port>
		<Port Type="PROBE_IN" Index="10" Width="9">
			<PortParams Id="DebugPortParams">
			</PortParams>
		</Port>
		<Port Type="PROBE_IN" Index="11" Width="9">
			<PortParams Id="DebugPortParams">
			</PortParams>
		</Port>
		<Port Type="PROBE_IN" Index="12" Width="1">
			<PortParams Id="DebugPortParams">
			</PortParams>
		</Port>
		<Port Type="PROBE_OUT" Index="0" Width="9">
			<PortParams Id="DebugPortParams">
			</PortParams>
		</Port>
		<Port Type="PROBE_OUT" Index="1" Width="5">
			<PortParams Id="DebugPortParams">
			</PortParams>
		</Port>
		<Port Type="PROBE_OUT" Index="2" Width="1">
			<PortParams Id="DebugPortParams">
			</PortParams>
		</Port>
		<Port Type="PROBE_OUT" Index="3" Width="4">
			<PortParams Id="DebugPortParams">
			</PortParams>
		</Port>
		<Port Type="PROBE_OUT" Index="4" Width="3">
			<PortParams Id="DebugPortParams">
			</PortParams>
		</Port>
		<Port Type="PROBE_OUT" Index="5" Width="4">
			<PortParams Id="DebugPortParams">
			</PortParams>
		</Port>
		<Port Type="PROBE_OUT" Index="6" Width="2">
			<PortParams Id="DebugPortParams">
			</PortParams>
		</Port>
		<Port Type="PROBE_OUT" Index="7" Width="10">
			<PortParams Id="DebugPortParams">
			</PortParams>
		</Port>
		<Port Type="PROBE_OUT" Index="8" Width="1">
			<PortParams Id="DebugPortParams">
			</PortParams>
		</Port>
		<Port Type="PROBE_OUT" Index="9" Width="1">
			<PortParams Id="DebugPortParams">
			</PortParams>
		</Port>
		<Port Type="PROBE_OUT" Index="10" Width="3">
			<PortParams Id="DebugPortParams">
			</PortParams>
		</Port>
		<Port Type="PROBE_OUT" Index="11" Width="1">
			<PortParams Id="DebugPortParams">
			</PortParams>
		</Port>
		<Port Type="PROBE_OUT" Index="12" Width="1">
			<PortParams Id="DebugPortParams">
			</PortParams>
		</Port>
		<Port Type="PROBE_OUT" Index="13" Width="1">
			<PortParams Id="DebugPortParams">
			</PortParams>
		</Port>
		<Port Type="PROBE_OUT" Index="14" Width="1">
			<PortParams Id="DebugPortParams">
			</PortParams>
		</Port>
		<Port Type="PROBE_OUT" Index="15" Width="1">
			<PortParams Id="DebugPortParams">
			</PortParams>
		</Port>
		<Port Type="PROBE_OUT" Index="16" Width="1">
			<PortParams Id="DebugPortParams">
			</PortParams>
		</Port>
		<Port Type="PROBE_OUT" Index="17" Width="1">
			<PortParams Id="DebugPortParams">
			</PortParams>
		</Port>
		<Port Type="PROBE_OUT" Index="18" Width="1">
			<PortParams Id="DebugPortParams">
			</PortParams>
		</Port>
		<Port Type="PROBE_OUT" Index="19" Width="1">
			<PortParams Id="DebugPortParams">
			</PortParams>
		</Port>
		<Port Type="PROBE_OUT" Index="20" Width="1">
			<PortParams Id="DebugPortParams">
			</PortParams>
		</Port>
		<Port Type="PROBE_OUT" Index="21" Width="1">
			<PortParams Id="DebugPortParams">
			</PortParams>
		</Port>
		<Port Type="PROBE_OUT" Index="22" Width="1">
			<PortParams Id="DebugPortParams">
			</PortParams>
		</Port>
		<Port Type="PROBE_OUT" Index="23" Width="1">
			<PortParams Id="DebugPortParams">
			</PortParams>
		</Port>
		<Port Type="PROBE_OUT" Index="24" Width="1">
			<PortParams Id="DebugPortParams">
			</PortParams>
		</Port>
		<Port Type="PROBE_OUT" Index="25" Width="4">
			<PortParams Id="DebugPortParams">
			</PortParams>
		</Port>
		<Port Type="PROBE_OUT" Index="26" Width="2">
			<PortParams Id="DebugPortParams">
			</PortParams>
		</Port>
	</Core>
	<Core Id="dbg_hub" Type="labtools_xsdbmasterlib_v2">
		<CoreStatus isImpl="1" isFromHDL="0" srcNetlist="cs/dbg_hub_1/dbg_hub.edn" srcXdc="cs/dbg_hub_1/dbg_hub.xdc"/>
		<CoreParams Id="DebugCoreParams">
			<Option Id="CUSERSCANCHAIN">1</Option>
		</CoreParams>
	</Core>
	<UnassignedNets>
		<UNet Net="win_start"/>
		<UNet Net="win_active"/>
		<UNet Net="mem_pattern_init_done"/>
		<UNet Net="vio_modify_enable"/>
		<UNet Net="vio_data_mask_gen"/>
		<UNet Net="vio_pause_traffic"/>
		<UNet Net="dbg_clear_error"/>
		<UNet Net="vio_tg_rst"/>
		<UNet Net="wdt_en_w"/>
		<UNet Net="win_sel_pi_pon"/>
		<UNet Net="vio_dbg_sel_pi_incdec"/>
		<UNet Net="vio_dbg_sel_po_incdec"/>
		<UNet Net="vio_dbg_pi_f_inc"/>
		<UNet Net="vio_dbg_pi_f_dec"/>
		<UNet Net="vio_dbg_po_f_inc"/>
		<UNet Net="vio_dbg_po_f_dec"/>
		<UNet Net="vio_dbg_po_f_stg23_sel"/>
		<UNet Net="vio_win_byte_select_inc"/>
		<UNet Net="vio_win_byte_select_dec"/>
		<UNet Net="dbg_init_calib_complete"/>
		<UNet Net="dbg_wrlvl_start"/>
		<UNet Net="dbg_wrlvl_done"/>
		<UNet Net="dbg_wrlvl_err"/>
		<UNet Net="dbg_pi_phaselock_start"/>
		<UNet Net="dbg_pi_phaselocked_done"/>
		<UNet Net="dbg_pi_phaselock_err"/>
		<UNet Net="dbg_pi_dqsfound_start"/>
		<UNet Net="dbg_pi_dqsfound_done"/>
		<UNet Net="dbg_pi_dqsfound_err"/>
		<UNet Net="dbg_oclkdelay_calib_start"/>
		<UNet Net="dbg_oclkdelay_calib_done"/>
		<UNet Net="dbg_wrcal_start"/>
		<UNet Net="dbg_wrcal_done"/>
		<UNet Net="dbg_wrcal_err"/>
		<UNet Net="dbg_rddata_valid_r"/>
		<UNet Net="dbg_fine_adjust_done_r"/>
		<UNet Net="dbg_cmd_wdt_err_w"/>
		<UNet Net="dbg_rd_wdt_err_w"/>
		<UNet Net="dbg_wr_wdt_err_w"/>
		<UNet Net="dbg_tg_compare_error"/>
		<UNet Net="dbg_cmp_data_valid"/>
		<UNet Net="dbg_cmp_error"/>
		<UNet Net="dbg_mcb_cmd_full_i"/>
		<UNet Net="dbg_mcb_wr_full_i"/>
		<UNet Net="dbg_mcb_rd_empty_i"/>
		<UNet Net="dbg_wl_edge_detect_valid_r"/>
		<UNet Net="dbg_rd_data_edge_detect_r_by_dqs"/>
		<UNet Net="dbg_ocal_edge1_found"/>
		<UNet Net="dbg_ocal_edge2_found"/>
		<UNet Net="dbg_wrcal_pat_data_match_r"/>
		<UNet Net="dbg_wrcal_pat_data_match_valid_r"/>
		<UNet Net="dbg_early1_data"/>
		<UNet Net="dbg_early2_data"/>
		<UNet Net="dbg_rdlvl_pat_data_match_r"/>
		<UNet Net="dbg_mux_rd_valid_r"/>
		<UNet Net="manual_clear_error"/>
		<UNet Net="dbg_dqs[4]"/>
		<UNet Net="dbg_dqs[3]"/>
		<UNet Net="dbg_dqs[2]"/>
		<UNet Net="dbg_dqs[1]"/>
		<UNet Net="dbg_dqs[0]"/>
		<UNet Net="dbg_bit[8]"/>
		<UNet Net="dbg_bit[7]"/>
		<UNet Net="dbg_bit[6]"/>
		<UNet Net="dbg_bit[5]"/>
		<UNet Net="dbg_bit[4]"/>
		<UNet Net="dbg_bit[3]"/>
		<UNet Net="dbg_bit[2]"/>
		<UNet Net="dbg_bit[1]"/>
		<UNet Net="dbg_bit[0]"/>
		<UNet Net="dbg_pi_counter_read_val[5]"/>
		<UNet Net="dbg_pi_counter_read_val[4]"/>
		<UNet Net="dbg_pi_counter_read_val[3]"/>
		<UNet Net="dbg_pi_counter_read_val[2]"/>
		<UNet Net="dbg_pi_counter_read_val[1]"/>
		<UNet Net="dbg_pi_counter_read_val[0]"/>
		<UNet Net="dbg_po_counter_read_val[8]"/>
		<UNet Net="dbg_po_counter_read_val[7]"/>
		<UNet Net="dbg_po_counter_read_val[6]"/>
		<UNet Net="dbg_po_counter_read_val[5]"/>
		<UNet Net="dbg_po_counter_read_val[4]"/>
		<UNet Net="dbg_po_counter_read_val[3]"/>
		<UNet Net="dbg_po_counter_read_val[2]"/>
		<UNet Net="dbg_po_counter_read_val[1]"/>
		<UNet Net="dbg_po_counter_read_val[0]"/>
		<UNet Net="pi_win_left_ram_out[5]"/>
		<UNet Net="pi_win_left_ram_out[4]"/>
		<UNet Net="pi_win_left_ram_out[3]"/>
		<UNet Net="pi_win_left_ram_out[2]"/>
		<UNet Net="pi_win_left_ram_out[1]"/>
		<UNet Net="pi_win_left_ram_out[0]"/>
		<UNet Net="pi_win_right_ram_out[5]"/>
		<UNet Net="pi_win_right_ram_out[4]"/>
		<UNet Net="pi_win_right_ram_out[3]"/>
		<UNet Net="pi_win_right_ram_out[2]"/>
		<UNet Net="pi_win_right_ram_out[1]"/>
		<UNet Net="pi_win_right_ram_out[0]"/>
		<UNet Net="dbg_win_chk[31]"/>
		<UNet Net="dbg_win_chk[30]"/>
		<UNet Net="dbg_win_chk[29]"/>
		<UNet Net="dbg_win_chk[28]"/>
		<UNet Net="dbg_win_chk[27]"/>
		<UNet Net="dbg_win_chk[26]"/>
		<UNet Net="dbg_win_chk[25]"/>
		<UNet Net="dbg_win_chk[24]"/>
		<UNet Net="dbg_win_chk[23]"/>
		<UNet Net="dbg_win_chk[22]"/>
		<UNet Net="dbg_win_chk[21]"/>
		<UNet Net="dbg_win_chk[20]"/>
		<UNet Net="dbg_win_chk[19]"/>
		<UNet Net="dbg_win_chk[18]"/>
		<UNet Net="dbg_win_chk[17]"/>
		<UNet Net="dbg_win_chk[16]"/>
		<UNet Net="dbg_win_chk[15]"/>
		<UNet Net="dbg_win_chk[14]"/>
		<UNet Net="dbg_win_chk[13]"/>
		<UNet Net="dbg_win_chk[12]"/>
		<UNet Net="dbg_win_chk[11]"/>
		<UNet Net="dbg_win_chk[10]"/>
		<UNet Net="dbg_win_chk[9]"/>
		<UNet Net="dbg_win_chk[8]"/>
		<UNet Net="dbg_win_chk[7]"/>
		<UNet Net="dbg_win_chk[6]"/>
		<UNet Net="dbg_win_chk[5]"/>
		<UNet Net="dbg_win_chk[4]"/>
		<UNet Net="dbg_win_chk[3]"/>
		<UNet Net="dbg_win_chk[2]"/>
		<UNet Net="dbg_win_chk[1]"/>
		<UNet Net="dbg_win_chk[0]"/>
		<UNet Net="dbg_win_chk[35]"/>
		<UNet Net="dbg_win_chk[36]"/>
		<UNet Net="dbg_win_chk[34]"/>
		<UNet Net="dbg_win_chk[33]"/>
		<UNet Net="dbg_win_chk[32]"/>
		<UNet Net="dbg_win_chk[63]"/>
		<UNet Net="dbg_win_chk[62]"/>
		<UNet Net="dbg_win_chk[61]"/>
		<UNet Net="dbg_win_chk[60]"/>
		<UNet Net="dbg_win_chk[59]"/>
		<UNet Net="dbg_win_chk[58]"/>
		<UNet Net="dbg_win_chk[57]"/>
		<UNet Net="dbg_win_chk[56]"/>
		<UNet Net="dbg_win_chk[55]"/>
		<UNet Net="dbg_win_chk[54]"/>
		<UNet Net="dbg_win_chk[53]"/>
		<UNet Net="dbg_win_chk[52]"/>
		<UNet Net="dbg_win_chk[51]"/>
		<UNet Net="dbg_win_chk[50]"/>
		<UNet Net="dbg_win_chk[49]"/>
		<UNet Net="dbg_win_chk[48]"/>
		<UNet Net="dbg_win_chk[47]"/>
		<UNet Net="dbg_win_chk[46]"/>
		<UNet Net="dbg_win_chk[45]"/>
		<UNet Net="dbg_win_chk[44]"/>
		<UNet Net="dbg_win_chk[43]"/>
		<UNet Net="dbg_win_chk[42]"/>
		<UNet Net="dbg_win_chk[41]"/>
		<UNet Net="dbg_win_chk[40]"/>
		<UNet Net="dbg_win_chk[39]"/>
		<UNet Net="dbg_win_chk[38]"/>
		<UNet Net="dbg_win_chk[37]"/>
		<UNet Net="win_current_bit[6]"/>
		<UNet Net="win_current_bit[5]"/>
		<UNet Net="win_current_bit[4]"/>
		<UNet Net="win_current_bit[3]"/>
		<UNet Net="win_current_bit[2]"/>
		<UNet Net="win_current_bit[1]"/>
		<UNet Net="win_current_bit[0]"/>
		<UNet Net="win_current_byte[3]"/>
		<UNet Net="win_current_byte[2]"/>
		<UNet Net="win_current_byte[1]"/>
		<UNet Net="win_current_byte[0]"/>
		<UNet Net="win_current_byte[4]"/>
		<UNet Net="win_byte_select[6]"/>
		<UNet Net="win_byte_select[5]"/>
		<UNet Net="win_byte_select[4]"/>
		<UNet Net="win_byte_select[3]"/>
		<UNet Net="win_byte_select[2]"/>
		<UNet Net="win_byte_select[1]"/>
		<UNet Net="win_byte_select[0]"/>
		<UNet Net="po_win_left_ram_out[8]"/>
		<UNet Net="po_win_left_ram_out[7]"/>
		<UNet Net="po_win_left_ram_out[6]"/>
		<UNet Net="po_win_left_ram_out[5]"/>
		<UNet Net="po_win_left_ram_out[4]"/>
		<UNet Net="po_win_left_ram_out[3]"/>
		<UNet Net="po_win_left_ram_out[2]"/>
		<UNet Net="po_win_left_ram_out[1]"/>
		<UNet Net="po_win_left_ram_out[0]"/>
		<UNet Net="po_win_right_ram_out[8]"/>
		<UNet Net="po_win_right_ram_out[7]"/>
		<UNet Net="po_win_right_ram_out[6]"/>
		<UNet Net="po_win_right_ram_out[5]"/>
		<UNet Net="po_win_right_ram_out[4]"/>
		<UNet Net="po_win_right_ram_out[3]"/>
		<UNet Net="po_win_right_ram_out[2]"/>
		<UNet Net="po_win_right_ram_out[1]"/>
		<UNet Net="po_win_right_ram_out[0]"/>
		<UNet Net="vio_data_mode_value[3]"/>
		<UNet Net="vio_data_mode_value[2]"/>
		<UNet Net="vio_data_mode_value[1]"/>
		<UNet Net="vio_data_mode_value[0]"/>
		<UNet Net="vio_addr_mode_value[2]"/>
		<UNet Net="vio_addr_mode_value[1]"/>
		<UNet Net="vio_addr_mode_value[0]"/>
		<UNet Net="vio_instr_mode_value[3]"/>
		<UNet Net="vio_instr_mode_value[2]"/>
		<UNet Net="vio_instr_mode_value[1]"/>
		<UNet Net="vio_instr_mode_value[0]"/>
		<UNet Net="vio_bl_mode_value[1]"/>
		<UNet Net="vio_bl_mode_value[0]"/>
		<UNet Net="vio_fixed_bl_value[9]"/>
		<UNet Net="vio_fixed_bl_value[8]"/>
		<UNet Net="vio_fixed_bl_value[7]"/>
		<UNet Net="vio_fixed_bl_value[6]"/>
		<UNet Net="vio_fixed_bl_value[5]"/>
		<UNet Net="vio_fixed_bl_value[4]"/>
		<UNet Net="vio_fixed_bl_value[3]"/>
		<UNet Net="vio_fixed_bl_value[2]"/>
		<UNet Net="vio_fixed_bl_value[1]"/>
		<UNet Net="vio_fixed_bl_value[0]"/>
		<UNet Net="vio_fixed_instr_value[2]"/>
		<UNet Net="vio_fixed_instr_value[1]"/>
		<UNet Net="vio_fixed_instr_value[0]"/>
		<UNet Net="vio_sel_mux_rdd[3]"/>
		<UNet Net="vio_sel_mux_rdd[2]"/>
		<UNet Net="vio_sel_mux_rdd[1]"/>
		<UNet Net="vio_sel_mux_rdd[0]"/>
		<UNet Net="vio_sel_mux_rdd[4]"/>
		<UNet Net="vio_tg_simple_data_sel[1]"/>
		<UNet Net="vio_tg_simple_data_sel[0]"/>
		<UNet Net="dbg_rdlvl_start[1]"/>
		<UNet Net="dbg_rdlvl_start[0]"/>
		<UNet Net="dbg_rdlvl_done[1]"/>
		<UNet Net="dbg_rdlvl_done[0]"/>
		<UNet Net="dbg_rdlvl_err[1]"/>
		<UNet Net="dbg_rdlvl_err[0]"/>
		<UNet Net="dbg_phy_init_5_0[5]"/>
		<UNet Net="dbg_phy_init_5_0[4]"/>
		<UNet Net="dbg_phy_init_5_0[3]"/>
		<UNet Net="dbg_phy_init_5_0[2]"/>
		<UNet Net="dbg_phy_init_5_0[1]"/>
		<UNet Net="dbg_phy_init_5_0[0]"/>
		<UNet Net="dbg_rddata_r[63]"/>
		<UNet Net="dbg_rddata_r[62]"/>
		<UNet Net="dbg_rddata_r[61]"/>
		<UNet Net="dbg_rddata_r[60]"/>
		<UNet Net="dbg_rddata_r[59]"/>
		<UNet Net="dbg_rddata_r[58]"/>
		<UNet Net="dbg_rddata_r[57]"/>
		<UNet Net="dbg_rddata_r[56]"/>
		<UNet Net="dbg_rddata_r[55]"/>
		<UNet Net="dbg_rddata_r[54]"/>
		<UNet Net="dbg_rddata_r[53]"/>
		<UNet Net="dbg_rddata_r[52]"/>
		<UNet Net="dbg_rddata_r[51]"/>
		<UNet Net="dbg_rddata_r[50]"/>
		<UNet Net="dbg_rddata_r[49]"/>
		<UNet Net="dbg_rddata_r[48]"/>
		<UNet Net="dbg_rddata_r[47]"/>
		<UNet Net="dbg_rddata_r[46]"/>
		<UNet Net="dbg_rddata_r[45]"/>
		<UNet Net="dbg_rddata_r[44]"/>
		<UNet Net="dbg_rddata_r[43]"/>
		<UNet Net="dbg_rddata_r[42]"/>
		<UNet Net="dbg_rddata_r[41]"/>
		<UNet Net="dbg_rddata_r[40]"/>
		<UNet Net="dbg_rddata_r[39]"/>
		<UNet Net="dbg_rddata_r[38]"/>
		<UNet Net="dbg_rddata_r[37]"/>
		<UNet Net="dbg_rddata_r[36]"/>
		<UNet Net="dbg_rddata_r[35]"/>
		<UNet Net="dbg_rddata_r[34]"/>
		<UNet Net="dbg_rddata_r[33]"/>
		<UNet Net="dbg_rddata_r[32]"/>
		<UNet Net="dbg_rddata_r[31]"/>
		<UNet Net="dbg_rddata_r[30]"/>
		<UNet Net="dbg_rddata_r[29]"/>
		<UNet Net="dbg_rddata_r[28]"/>
		<UNet Net="dbg_rddata_r[27]"/>
		<UNet Net="dbg_rddata_r[26]"/>
		<UNet Net="dbg_rddata_r[25]"/>
		<UNet Net="dbg_rddata_r[24]"/>
		<UNet Net="dbg_rddata_r[23]"/>
		<UNet Net="dbg_rddata_r[22]"/>
		<UNet Net="dbg_rddata_r[21]"/>
		<UNet Net="dbg_rddata_r[20]"/>
		<UNet Net="dbg_rddata_r[19]"/>
		<UNet Net="dbg_rddata_r[18]"/>
		<UNet Net="dbg_rddata_r[17]"/>
		<UNet Net="dbg_rddata_r[16]"/>
		<UNet Net="dbg_rddata_r[15]"/>
		<UNet Net="dbg_rddata_r[14]"/>
		<UNet Net="dbg_rddata_r[13]"/>
		<UNet Net="dbg_rddata_r[12]"/>
		<UNet Net="dbg_rddata_r[11]"/>
		<UNet Net="dbg_rddata_r[10]"/>
		<UNet Net="dbg_rddata_r[9]"/>
		<UNet Net="dbg_rddata_r[8]"/>
		<UNet Net="dbg_rddata_r[7]"/>
		<UNet Net="dbg_rddata_r[6]"/>
		<UNet Net="dbg_rddata_r[5]"/>
		<UNet Net="dbg_rddata_r[4]"/>
		<UNet Net="dbg_rddata_r[3]"/>
		<UNet Net="dbg_rddata_r[2]"/>
		<UNet Net="dbg_rddata_r[1]"/>
		<UNet Net="dbg_rddata_r[0]"/>
		<UNet Net="dbg_cmp_data_r[63]"/>
		<UNet Net="dbg_cmp_data_r[62]"/>
		<UNet Net="dbg_cmp_data_r[61]"/>
		<UNet Net="dbg_cmp_data_r[60]"/>
		<UNet Net="dbg_cmp_data_r[59]"/>
		<UNet Net="dbg_cmp_data_r[58]"/>
		<UNet Net="dbg_cmp_data_r[57]"/>
		<UNet Net="dbg_cmp_data_r[56]"/>
		<UNet Net="dbg_cmp_data_r[55]"/>
		<UNet Net="dbg_cmp_data_r[54]"/>
		<UNet Net="dbg_cmp_data_r[53]"/>
		<UNet Net="dbg_cmp_data_r[52]"/>
		<UNet Net="dbg_cmp_data_r[51]"/>
		<UNet Net="dbg_cmp_data_r[50]"/>
		<UNet Net="dbg_cmp_data_r[49]"/>
		<UNet Net="dbg_cmp_data_r[48]"/>
		<UNet Net="dbg_cmp_data_r[47]"/>
		<UNet Net="dbg_cmp_data_r[46]"/>
		<UNet Net="dbg_cmp_data_r[45]"/>
		<UNet Net="dbg_cmp_data_r[44]"/>
		<UNet Net="dbg_cmp_data_r[43]"/>
		<UNet Net="dbg_cmp_data_r[42]"/>
		<UNet Net="dbg_cmp_data_r[41]"/>
		<UNet Net="dbg_cmp_data_r[40]"/>
		<UNet Net="dbg_cmp_data_r[39]"/>
		<UNet Net="dbg_cmp_data_r[38]"/>
		<UNet Net="dbg_cmp_data_r[37]"/>
		<UNet Net="dbg_cmp_data_r[36]"/>
		<UNet Net="dbg_cmp_data_r[35]"/>
		<UNet Net="dbg_cmp_data_r[34]"/>
		<UNet Net="dbg_cmp_data_r[33]"/>
		<UNet Net="dbg_cmp_data_r[32]"/>
		<UNet Net="dbg_cmp_data_r[31]"/>
		<UNet Net="dbg_cmp_data_r[30]"/>
		<UNet Net="dbg_cmp_data_r[29]"/>
		<UNet Net="dbg_cmp_data_r[28]"/>
		<UNet Net="dbg_cmp_data_r[27]"/>
		<UNet Net="dbg_cmp_data_r[26]"/>
		<UNet Net="dbg_cmp_data_r[25]"/>
		<UNet Net="dbg_cmp_data_r[24]"/>
		<UNet Net="dbg_cmp_data_r[23]"/>
		<UNet Net="dbg_cmp_data_r[22]"/>
		<UNet Net="dbg_cmp_data_r[21]"/>
		<UNet Net="dbg_cmp_data_r[20]"/>
		<UNet Net="dbg_cmp_data_r[19]"/>
		<UNet Net="dbg_cmp_data_r[18]"/>
		<UNet Net="dbg_cmp_data_r[17]"/>
		<UNet Net="dbg_cmp_data_r[16]"/>
		<UNet Net="dbg_cmp_data_r[15]"/>
		<UNet Net="dbg_cmp_data_r[14]"/>
		<UNet Net="dbg_cmp_data_r[13]"/>
		<UNet Net="dbg_cmp_data_r[12]"/>
		<UNet Net="dbg_cmp_data_r[11]"/>
		<UNet Net="dbg_cmp_data_r[10]"/>
		<UNet Net="dbg_cmp_data_r[9]"/>
		<UNet Net="dbg_cmp_data_r[8]"/>
		<UNet Net="dbg_cmp_data_r[7]"/>
		<UNet Net="dbg_cmp_data_r[6]"/>
		<UNet Net="dbg_cmp_data_r[5]"/>
		<UNet Net="dbg_cmp_data_r[4]"/>
		<UNet Net="dbg_cmp_data_r[3]"/>
		<UNet Net="dbg_cmp_data_r[2]"/>
		<UNet Net="dbg_cmp_data_r[1]"/>
		<UNet Net="dbg_cmp_data_r[0]"/>
		<UNet Net="dbg_dq_error_bytelane_cmp[7]"/>
		<UNet Net="dbg_dq_error_bytelane_cmp[6]"/>
		<UNet Net="dbg_dq_error_bytelane_cmp[5]"/>
		<UNet Net="dbg_dq_error_bytelane_cmp[4]"/>
		<UNet Net="dbg_dq_error_bytelane_cmp[3]"/>
		<UNet Net="dbg_dq_error_bytelane_cmp[2]"/>
		<UNet Net="dbg_dq_error_bytelane_cmp[1]"/>
		<UNet Net="dbg_dq_error_bytelane_cmp[0]"/>
		<UNet Net="dbg_cumlative_dq_lane_error[7]"/>
		<UNet Net="dbg_cumlative_dq_lane_error[6]"/>
		<UNet Net="dbg_cumlative_dq_lane_error[5]"/>
		<UNet Net="dbg_cumlative_dq_lane_error[4]"/>
		<UNet Net="dbg_cumlative_dq_lane_error[3]"/>
		<UNet Net="dbg_cumlative_dq_lane_error[2]"/>
		<UNet Net="dbg_cumlative_dq_lane_error[1]"/>
		<UNet Net="dbg_cumlative_dq_lane_error[0]"/>
		<UNet Net="dbg_cmp_addr_i[31]"/>
		<UNet Net="dbg_cmp_addr_i[30]"/>
		<UNet Net="dbg_cmp_addr_i[29]"/>
		<UNet Net="dbg_cmp_addr_i[28]"/>
		<UNet Net="dbg_cmp_addr_i[27]"/>
		<UNet Net="dbg_cmp_addr_i[26]"/>
		<UNet Net="dbg_cmp_addr_i[25]"/>
		<UNet Net="dbg_cmp_addr_i[24]"/>
		<UNet Net="dbg_cmp_addr_i[23]"/>
		<UNet Net="dbg_cmp_addr_i[22]"/>
		<UNet Net="dbg_cmp_addr_i[21]"/>
		<UNet Net="dbg_cmp_addr_i[20]"/>
		<UNet Net="dbg_cmp_addr_i[19]"/>
		<UNet Net="dbg_cmp_addr_i[18]"/>
		<UNet Net="dbg_cmp_addr_i[17]"/>
		<UNet Net="dbg_cmp_addr_i[16]"/>
		<UNet Net="dbg_cmp_addr_i[15]"/>
		<UNet Net="dbg_cmp_addr_i[14]"/>
		<UNet Net="dbg_cmp_addr_i[13]"/>
		<UNet Net="dbg_cmp_addr_i[12]"/>
		<UNet Net="dbg_cmp_addr_i[11]"/>
		<UNet Net="dbg_cmp_addr_i[10]"/>
		<UNet Net="dbg_cmp_addr_i[9]"/>
		<UNet Net="dbg_cmp_addr_i[8]"/>
		<UNet Net="dbg_cmp_addr_i[7]"/>
		<UNet Net="dbg_cmp_addr_i[6]"/>
		<UNet Net="dbg_cmp_addr_i[5]"/>
		<UNet Net="dbg_cmp_addr_i[4]"/>
		<UNet Net="dbg_cmp_addr_i[3]"/>
		<UNet Net="dbg_cmp_addr_i[2]"/>
		<UNet Net="dbg_cmp_addr_i[1]"/>
		<UNet Net="dbg_cmp_addr_i[0]"/>
		<UNet Net="dbg_cmp_bl_i[5]"/>
		<UNet Net="dbg_cmp_bl_i[4]"/>
		<UNet Net="dbg_cmp_bl_i[3]"/>
		<UNet Net="dbg_cmp_bl_i[2]"/>
		<UNet Net="dbg_cmp_bl_i[1]"/>
		<UNet Net="dbg_cmp_bl_i[0]"/>
		<UNet Net="dbg_ddrx_ila_rdpath_765_764[1]"/>
		<UNet Net="dbg_ddrx_ila_rdpath_765_764[0]"/>
		<UNet Net="dbg_wl_state_r[4]"/>
		<UNet Net="dbg_wl_state_r[3]"/>
		<UNet Net="dbg_wl_state_r[2]"/>
		<UNet Net="dbg_wl_state_r[1]"/>
		<UNet Net="dbg_wl_state_r[0]"/>
		<UNet Net="dbg_dqs_cnt_r[3]"/>
		<UNet Net="dbg_dqs_cnt_r[2]"/>
		<UNet Net="dbg_dqs_cnt_r[1]"/>
		<UNet Net="dbg_dqs_cnt_r[0]"/>
		<UNet Net="dbg_wl_po_fine_cnt_by_dqs[5]"/>
		<UNet Net="dbg_wl_po_fine_cnt_by_dqs[4]"/>
		<UNet Net="dbg_wl_po_fine_cnt_by_dqs[3]"/>
		<UNet Net="dbg_wl_po_fine_cnt_by_dqs[2]"/>
		<UNet Net="dbg_wl_po_fine_cnt_by_dqs[1]"/>
		<UNet Net="dbg_wl_po_fine_cnt_by_dqs[0]"/>
		<UNet Net="dbg_wl_po_coarse_cnt_by_dqs[2]"/>
		<UNet Net="dbg_wl_po_coarse_cnt_by_dqs[1]"/>
		<UNet Net="dbg_wl_po_coarse_cnt_by_dqs[0]"/>
		<UNet Net="dbg_ocal_tap_cnt_by_dqs[5]"/>
		<UNet Net="dbg_ocal_tap_cnt_by_dqs[4]"/>
		<UNet Net="dbg_ocal_tap_cnt_by_dqs[3]"/>
		<UNet Net="dbg_ocal_tap_cnt_by_dqs[2]"/>
		<UNet Net="dbg_ocal_tap_cnt_by_dqs[1]"/>
		<UNet Net="dbg_ocal_tap_cnt_by_dqs[0]"/>
		<UNet Net="dbg_ocal_edge1_taps[5]"/>
		<UNet Net="dbg_ocal_edge1_taps[4]"/>
		<UNet Net="dbg_ocal_edge1_taps[3]"/>
		<UNet Net="dbg_ocal_edge1_taps[2]"/>
		<UNet Net="dbg_ocal_edge1_taps[1]"/>
		<UNet Net="dbg_ocal_edge1_taps[0]"/>
		<UNet Net="dbg_ocal_edge2_taps[5]"/>
		<UNet Net="dbg_ocal_edge2_taps[4]"/>
		<UNet Net="dbg_ocal_edge2_taps[3]"/>
		<UNet Net="dbg_ocal_edge2_taps[2]"/>
		<UNet Net="dbg_ocal_edge2_taps[1]"/>
		<UNet Net="dbg_ocal_edge2_taps[0]"/>
		<UNet Net="dbg_ocal_state_r[4]"/>
		<UNet Net="dbg_ocal_state_r[3]"/>
		<UNet Net="dbg_ocal_state_r[2]"/>
		<UNet Net="dbg_ocal_state_r[1]"/>
		<UNet Net="dbg_ocal_state_r[0]"/>
		<UNet Net="dbg_stg2_tap_cnt[5]"/>
		<UNet Net="dbg_stg2_tap_cnt[4]"/>
		<UNet Net="dbg_stg2_tap_cnt[3]"/>
		<UNet Net="dbg_stg2_tap_cnt[2]"/>
		<UNet Net="dbg_stg2_tap_cnt[1]"/>
		<UNet Net="dbg_stg2_tap_cnt[0]"/>
		<UNet Net="dbg_wrcal_dqs_cnt_r[3]"/>
		<UNet Net="dbg_wrcal_dqs_cnt_r[2]"/>
		<UNet Net="dbg_wrcal_dqs_cnt_r[1]"/>
		<UNet Net="dbg_wrcal_dqs_cnt_r[0]"/>
		<UNet Net="cal2_state_r[4]"/>
		<UNet Net="cal2_state_r[3]"/>
		<UNet Net="cal2_state_r[2]"/>
		<UNet Net="cal2_state_r[1]"/>
		<UNet Net="cal2_state_r[0]"/>
		<UNet Net="not_empty_wait_cnt[4]"/>
		<UNet Net="not_empty_wait_cnt[3]"/>
		<UNet Net="not_empty_wait_cnt[2]"/>
		<UNet Net="not_empty_wait_cnt[1]"/>
		<UNet Net="not_empty_wait_cnt[0]"/>
		<UNet Net="dbg_phy_oclkdelay_cal_57_54[3]"/>
		<UNet Net="dbg_phy_oclkdelay_cal_57_54[2]"/>
		<UNet Net="dbg_phy_oclkdelay_cal_57_54[1]"/>
		<UNet Net="dbg_phy_oclkdelay_cal_57_54[0]"/>
		<UNet Net="dbg_phy_wrlvl_128_75[53]"/>
		<UNet Net="dbg_phy_wrlvl_128_75[52]"/>
		<UNet Net="dbg_phy_wrlvl_128_75[51]"/>
		<UNet Net="dbg_phy_wrlvl_128_75[50]"/>
		<UNet Net="dbg_phy_wrlvl_128_75[49]"/>
		<UNet Net="dbg_phy_wrlvl_128_75[48]"/>
		<UNet Net="dbg_phy_wrlvl_128_75[47]"/>
		<UNet Net="dbg_phy_wrlvl_128_75[46]"/>
		<UNet Net="dbg_phy_wrlvl_128_75[45]"/>
		<UNet Net="dbg_phy_wrlvl_128_75[44]"/>
		<UNet Net="dbg_phy_wrlvl_128_75[43]"/>
		<UNet Net="dbg_phy_wrlvl_128_75[42]"/>
		<UNet Net="dbg_phy_wrlvl_128_75[41]"/>
		<UNet Net="dbg_phy_wrlvl_128_75[40]"/>
		<UNet Net="dbg_phy_wrlvl_128_75[39]"/>
		<UNet Net="dbg_phy_wrlvl_128_75[38]"/>
		<UNet Net="dbg_phy_wrlvl_128_75[37]"/>
		<UNet Net="dbg_phy_wrlvl_128_75[36]"/>
		<UNet Net="dbg_phy_wrlvl_128_75[35]"/>
		<UNet Net="dbg_phy_wrlvl_128_75[34]"/>
		<UNet Net="dbg_phy_wrlvl_128_75[33]"/>
		<UNet Net="dbg_phy_wrlvl_128_75[32]"/>
		<UNet Net="dbg_phy_wrlvl_128_75[31]"/>
		<UNet Net="dbg_phy_wrlvl_128_75[30]"/>
		<UNet Net="dbg_phy_wrlvl_128_75[29]"/>
		<UNet Net="dbg_phy_wrlvl_128_75[28]"/>
		<UNet Net="dbg_phy_wrlvl_128_75[27]"/>
		<UNet Net="dbg_phy_wrlvl_128_75[26]"/>
		<UNet Net="dbg_phy_wrlvl_128_75[25]"/>
		<UNet Net="dbg_phy_wrlvl_128_75[24]"/>
		<UNet Net="dbg_phy_wrlvl_128_75[23]"/>
		<UNet Net="dbg_phy_wrlvl_128_75[22]"/>
		<UNet Net="dbg_phy_wrlvl_128_75[21]"/>
		<UNet Net="dbg_phy_wrlvl_128_75[20]"/>
		<UNet Net="dbg_phy_wrlvl_128_75[19]"/>
		<UNet Net="dbg_phy_wrlvl_128_75[18]"/>
		<UNet Net="dbg_phy_wrlvl_128_75[17]"/>
		<UNet Net="dbg_phy_wrlvl_128_75[16]"/>
		<UNet Net="dbg_phy_wrlvl_128_75[15]"/>
		<UNet Net="dbg_phy_wrlvl_128_75[14]"/>
		<UNet Net="dbg_phy_wrlvl_128_75[13]"/>
		<UNet Net="dbg_phy_wrlvl_128_75[12]"/>
		<UNet Net="dbg_phy_wrlvl_128_75[11]"/>
		<UNet Net="dbg_phy_wrlvl_128_75[10]"/>
		<UNet Net="dbg_phy_wrlvl_128_75[9]"/>
		<UNet Net="dbg_phy_wrlvl_128_75[8]"/>
		<UNet Net="dbg_phy_wrlvl_128_75[7]"/>
		<UNet Net="dbg_phy_wrlvl_128_75[6]"/>
		<UNet Net="dbg_phy_wrlvl_128_75[5]"/>
		<UNet Net="dbg_phy_wrlvl_128_75[4]"/>
		<UNet Net="dbg_phy_wrlvl_128_75[3]"/>
		<UNet Net="dbg_phy_wrlvl_128_75[2]"/>
		<UNet Net="dbg_phy_wrlvl_128_75[1]"/>
		<UNet Net="dbg_phy_wrlvl_128_75[0]"/>
		<UNet Net="dbg_phy_wrlvl_155_129[26]"/>
		<UNet Net="dbg_phy_wrlvl_155_129[25]"/>
		<UNet Net="dbg_phy_wrlvl_155_129[24]"/>
		<UNet Net="dbg_phy_wrlvl_155_129[23]"/>
		<UNet Net="dbg_phy_wrlvl_155_129[22]"/>
		<UNet Net="dbg_phy_wrlvl_155_129[21]"/>
		<UNet Net="dbg_phy_wrlvl_155_129[20]"/>
		<UNet Net="dbg_phy_wrlvl_155_129[19]"/>
		<UNet Net="dbg_phy_wrlvl_155_129[18]"/>
		<UNet Net="dbg_phy_wrlvl_155_129[17]"/>
		<UNet Net="dbg_phy_wrlvl_155_129[16]"/>
		<UNet Net="dbg_phy_wrlvl_155_129[15]"/>
		<UNet Net="dbg_phy_wrlvl_155_129[14]"/>
		<UNet Net="dbg_phy_wrlvl_155_129[13]"/>
		<UNet Net="dbg_phy_wrlvl_155_129[12]"/>
		<UNet Net="dbg_phy_wrlvl_155_129[11]"/>
		<UNet Net="dbg_phy_wrlvl_155_129[10]"/>
		<UNet Net="dbg_phy_wrlvl_155_129[9]"/>
		<UNet Net="dbg_phy_wrlvl_155_129[8]"/>
		<UNet Net="dbg_phy_wrlvl_155_129[7]"/>
		<UNet Net="dbg_phy_wrlvl_155_129[6]"/>
		<UNet Net="dbg_phy_wrlvl_155_129[5]"/>
		<UNet Net="dbg_phy_wrlvl_155_129[4]"/>
		<UNet Net="dbg_phy_wrlvl_155_129[3]"/>
		<UNet Net="dbg_phy_wrlvl_155_129[2]"/>
		<UNet Net="dbg_phy_wrlvl_155_129[1]"/>
		<UNet Net="dbg_phy_wrlvl_155_129[0]"/>
		<UNet Net="dbg_pi_phase_locked_phy4lanes[11]"/>
		<UNet Net="dbg_pi_phase_locked_phy4lanes[10]"/>
		<UNet Net="dbg_pi_phase_locked_phy4lanes[9]"/>
		<UNet Net="dbg_pi_phase_locked_phy4lanes[8]"/>
		<UNet Net="dbg_pi_phase_locked_phy4lanes[7]"/>
		<UNet Net="dbg_pi_phase_locked_phy4lanes[6]"/>
		<UNet Net="dbg_pi_phase_locked_phy4lanes[5]"/>
		<UNet Net="dbg_pi_phase_locked_phy4lanes[4]"/>
		<UNet Net="dbg_pi_phase_locked_phy4lanes[3]"/>
		<UNet Net="dbg_pi_phase_locked_phy4lanes[2]"/>
		<UNet Net="dbg_pi_phase_locked_phy4lanes[1]"/>
		<UNet Net="dbg_pi_phase_locked_phy4lanes[0]"/>
		<UNet Net="dbg_pi_dqs_found_lanes_phy4lanes[11]"/>
		<UNet Net="dbg_pi_dqs_found_lanes_phy4lanes[10]"/>
		<UNet Net="dbg_pi_dqs_found_lanes_phy4lanes[9]"/>
		<UNet Net="dbg_pi_dqs_found_lanes_phy4lanes[8]"/>
		<UNet Net="dbg_pi_dqs_found_lanes_phy4lanes[7]"/>
		<UNet Net="dbg_pi_dqs_found_lanes_phy4lanes[6]"/>
		<UNet Net="dbg_pi_dqs_found_lanes_phy4lanes[5]"/>
		<UNet Net="dbg_pi_dqs_found_lanes_phy4lanes[4]"/>
		<UNet Net="dbg_pi_dqs_found_lanes_phy4lanes[3]"/>
		<UNet Net="dbg_pi_dqs_found_lanes_phy4lanes[2]"/>
		<UNet Net="dbg_pi_dqs_found_lanes_phy4lanes[1]"/>
		<UNet Net="dbg_pi_dqs_found_lanes_phy4lanes[0]"/>
		<UNet Net="dbg_rd_data_offset[11]"/>
		<UNet Net="dbg_rd_data_offset[10]"/>
		<UNet Net="dbg_rd_data_offset[9]"/>
		<UNet Net="dbg_rd_data_offset[8]"/>
		<UNet Net="dbg_rd_data_offset[7]"/>
		<UNet Net="dbg_rd_data_offset[6]"/>
		<UNet Net="dbg_rd_data_offset[5]"/>
		<UNet Net="dbg_rd_data_offset[4]"/>
		<UNet Net="dbg_rd_data_offset[3]"/>
		<UNet Net="dbg_rd_data_offset[2]"/>
		<UNet Net="dbg_rd_data_offset[1]"/>
		<UNet Net="dbg_rd_data_offset[0]"/>
		<UNet Net="dbg_cal1_state_r[5]"/>
		<UNet Net="dbg_cal1_state_r[4]"/>
		<UNet Net="dbg_cal1_state_r[3]"/>
		<UNet Net="dbg_cal1_state_r[2]"/>
		<UNet Net="dbg_cal1_state_r[1]"/>
		<UNet Net="dbg_cal1_state_r[0]"/>
		<UNet Net="dbg_cal1_cnt_cpt_r[3]"/>
		<UNet Net="dbg_cal1_cnt_cpt_r[2]"/>
		<UNet Net="dbg_cal1_cnt_cpt_r[1]"/>
		<UNet Net="dbg_cal1_cnt_cpt_r[0]"/>
		<UNet Net="dbg_mux_rd_rise0_r[7]"/>
		<UNet Net="dbg_mux_rd_rise0_r[6]"/>
		<UNet Net="dbg_mux_rd_rise0_r[5]"/>
		<UNet Net="dbg_mux_rd_rise0_r[4]"/>
		<UNet Net="dbg_mux_rd_rise0_r[3]"/>
		<UNet Net="dbg_mux_rd_rise0_r[2]"/>
		<UNet Net="dbg_mux_rd_rise0_r[1]"/>
		<UNet Net="dbg_mux_rd_rise0_r[0]"/>
		<UNet Net="dbg_mux_rd_fall0_r[7]"/>
		<UNet Net="dbg_mux_rd_fall0_r[6]"/>
		<UNet Net="dbg_mux_rd_fall0_r[5]"/>
		<UNet Net="dbg_mux_rd_fall0_r[4]"/>
		<UNet Net="dbg_mux_rd_fall0_r[3]"/>
		<UNet Net="dbg_mux_rd_fall0_r[2]"/>
		<UNet Net="dbg_mux_rd_fall0_r[1]"/>
		<UNet Net="dbg_mux_rd_fall0_r[0]"/>
		<UNet Net="dbg_mux_rd_rise1_r[7]"/>
		<UNet Net="dbg_mux_rd_rise1_r[6]"/>
		<UNet Net="dbg_mux_rd_rise1_r[5]"/>
		<UNet Net="dbg_mux_rd_rise1_r[4]"/>
		<UNet Net="dbg_mux_rd_rise1_r[3]"/>
		<UNet Net="dbg_mux_rd_rise1_r[2]"/>
		<UNet Net="dbg_mux_rd_rise1_r[1]"/>
		<UNet Net="dbg_mux_rd_rise1_r[0]"/>
		<UNet Net="dbg_mux_rd_fall1_r[7]"/>
		<UNet Net="dbg_mux_rd_fall1_r[6]"/>
		<UNet Net="dbg_mux_rd_fall1_r[5]"/>
		<UNet Net="dbg_mux_rd_fall1_r[4]"/>
		<UNet Net="dbg_mux_rd_fall1_r[3]"/>
		<UNet Net="dbg_mux_rd_fall1_r[2]"/>
		<UNet Net="dbg_mux_rd_fall1_r[1]"/>
		<UNet Net="dbg_mux_rd_fall1_r[0]"/>
		<UNet Net="dbg_mux_rd_rise2_r[7]"/>
		<UNet Net="dbg_mux_rd_rise2_r[6]"/>
		<UNet Net="dbg_mux_rd_rise2_r[5]"/>
		<UNet Net="dbg_mux_rd_rise2_r[4]"/>
		<UNet Net="dbg_mux_rd_rise2_r[3]"/>
		<UNet Net="dbg_mux_rd_rise2_r[2]"/>
		<UNet Net="dbg_mux_rd_rise2_r[1]"/>
		<UNet Net="dbg_mux_rd_rise2_r[0]"/>
		<UNet Net="dbg_mux_rd_fall2_r[7]"/>
		<UNet Net="dbg_mux_rd_fall2_r[6]"/>
		<UNet Net="dbg_mux_rd_fall2_r[5]"/>
		<UNet Net="dbg_mux_rd_fall2_r[4]"/>
		<UNet Net="dbg_mux_rd_fall2_r[3]"/>
		<UNet Net="dbg_mux_rd_fall2_r[2]"/>
		<UNet Net="dbg_mux_rd_fall2_r[1]"/>
		<UNet Net="dbg_mux_rd_fall2_r[0]"/>
		<UNet Net="dbg_mux_rd_rise3_r[7]"/>
		<UNet Net="dbg_mux_rd_rise3_r[6]"/>
		<UNet Net="dbg_mux_rd_rise3_r[5]"/>
		<UNet Net="dbg_mux_rd_rise3_r[4]"/>
		<UNet Net="dbg_mux_rd_rise3_r[3]"/>
		<UNet Net="dbg_mux_rd_rise3_r[2]"/>
		<UNet Net="dbg_mux_rd_rise3_r[1]"/>
		<UNet Net="dbg_mux_rd_rise3_r[0]"/>
		<UNet Net="dbg_mux_rd_fall3_r[7]"/>
		<UNet Net="dbg_mux_rd_fall3_r[6]"/>
		<UNet Net="dbg_mux_rd_fall3_r[5]"/>
		<UNet Net="dbg_mux_rd_fall3_r[4]"/>
		<UNet Net="dbg_mux_rd_fall3_r[3]"/>
		<UNet Net="dbg_mux_rd_fall3_r[2]"/>
		<UNet Net="dbg_mux_rd_fall3_r[1]"/>
		<UNet Net="dbg_mux_rd_fall3_r[0]"/>
		<UNet Net="dbg_cpt_first_edge_cnt_by_dqs[5]"/>
		<UNet Net="dbg_cpt_first_edge_cnt_by_dqs[4]"/>
		<UNet Net="dbg_cpt_first_edge_cnt_by_dqs[3]"/>
		<UNet Net="dbg_cpt_first_edge_cnt_by_dqs[2]"/>
		<UNet Net="dbg_cpt_first_edge_cnt_by_dqs[1]"/>
		<UNet Net="dbg_cpt_first_edge_cnt_by_dqs[0]"/>
		<UNet Net="dbg_cpt_second_edge_cnt_by_dqs[5]"/>
		<UNet Net="dbg_cpt_second_edge_cnt_by_dqs[4]"/>
		<UNet Net="dbg_cpt_second_edge_cnt_by_dqs[3]"/>
		<UNet Net="dbg_cpt_second_edge_cnt_by_dqs[2]"/>
		<UNet Net="dbg_cpt_second_edge_cnt_by_dqs[1]"/>
		<UNet Net="dbg_cpt_second_edge_cnt_by_dqs[0]"/>
		<UNet Net="dbg_cpt_tap_cnt_by_dqs[5]"/>
		<UNet Net="dbg_cpt_tap_cnt_by_dqs[4]"/>
		<UNet Net="dbg_cpt_tap_cnt_by_dqs[3]"/>
		<UNet Net="dbg_cpt_tap_cnt_by_dqs[2]"/>
		<UNet Net="dbg_cpt_tap_cnt_by_dqs[1]"/>
		<UNet Net="dbg_cpt_tap_cnt_by_dqs[0]"/>
		<UNet Net="dbg_dq_idelay_tap_cnt_by_dqs[4]"/>
		<UNet Net="dbg_dq_idelay_tap_cnt_by_dqs[3]"/>
		<UNet Net="dbg_dq_idelay_tap_cnt_by_dqs[2]"/>
		<UNet Net="dbg_dq_idelay_tap_cnt_by_dqs[1]"/>
		<UNet Net="dbg_dq_idelay_tap_cnt_by_dqs[0]"/>
		<UNet Net="dbg_dbg_calib_rd_data_offset_1[11]"/>
		<UNet Net="dbg_dbg_calib_rd_data_offset_1[10]"/>
		<UNet Net="dbg_dbg_calib_rd_data_offset_1[9]"/>
		<UNet Net="dbg_dbg_calib_rd_data_offset_1[8]"/>
		<UNet Net="dbg_dbg_calib_rd_data_offset_1[7]"/>
		<UNet Net="dbg_dbg_calib_rd_data_offset_1[6]"/>
		<UNet Net="dbg_dbg_calib_rd_data_offset_1[5]"/>
		<UNet Net="dbg_dbg_calib_rd_data_offset_1[4]"/>
		<UNet Net="dbg_dbg_calib_rd_data_offset_1[3]"/>
		<UNet Net="dbg_dbg_calib_rd_data_offset_1[2]"/>
		<UNet Net="dbg_dbg_calib_rd_data_offset_1[1]"/>
		<UNet Net="dbg_dbg_calib_rd_data_offset_1[0]"/>
		<UNet Net="dbg_dbg_calib_rd_data_offset_2[11]"/>
		<UNet Net="dbg_dbg_calib_rd_data_offset_2[10]"/>
		<UNet Net="dbg_dbg_calib_rd_data_offset_2[9]"/>
		<UNet Net="dbg_dbg_calib_rd_data_offset_2[8]"/>
		<UNet Net="dbg_dbg_calib_rd_data_offset_2[7]"/>
		<UNet Net="dbg_dbg_calib_rd_data_offset_2[6]"/>
		<UNet Net="dbg_dbg_calib_rd_data_offset_2[5]"/>
		<UNet Net="dbg_dbg_calib_rd_data_offset_2[4]"/>
		<UNet Net="dbg_dbg_calib_rd_data_offset_2[3]"/>
		<UNet Net="dbg_dbg_calib_rd_data_offset_2[2]"/>
		<UNet Net="dbg_dbg_calib_rd_data_offset_2[1]"/>
		<UNet Net="dbg_dbg_calib_rd_data_offset_2[0]"/>
		<UNet Net="dbg_data_offset[5]"/>
		<UNet Net="dbg_data_offset[4]"/>
		<UNet Net="dbg_data_offset[3]"/>
		<UNet Net="dbg_data_offset[2]"/>
		<UNet Net="dbg_data_offset[1]"/>
		<UNet Net="dbg_data_offset[0]"/>
		<UNet Net="dbg_data_offset_1[5]"/>
		<UNet Net="dbg_data_offset_1[4]"/>
		<UNet Net="dbg_data_offset_1[3]"/>
		<UNet Net="dbg_data_offset_1[2]"/>
		<UNet Net="dbg_data_offset_1[1]"/>
		<UNet Net="dbg_data_offset_1[0]"/>
		<UNet Net="dbg_data_offset_2[5]"/>
		<UNet Net="dbg_data_offset_2[4]"/>
		<UNet Net="dbg_data_offset_2[3]"/>
		<UNet Net="dbg_data_offset_2[2]"/>
		<UNet Net="dbg_data_offset_2[1]"/>
		<UNet Net="dbg_data_offset_2[0]"/>
		<UNet Net="dbg_cpt_first_edge_cnt[107]"/>
		<UNet Net="dbg_cpt_first_edge_cnt[106]"/>
		<UNet Net="dbg_cpt_first_edge_cnt[105]"/>
		<UNet Net="dbg_cpt_first_edge_cnt[104]"/>
		<UNet Net="dbg_cpt_first_edge_cnt[103]"/>
		<UNet Net="dbg_cpt_first_edge_cnt[102]"/>
		<UNet Net="dbg_cpt_first_edge_cnt[101]"/>
		<UNet Net="dbg_cpt_first_edge_cnt[100]"/>
		<UNet Net="dbg_cpt_first_edge_cnt[99]"/>
		<UNet Net="dbg_cpt_first_edge_cnt[98]"/>
		<UNet Net="dbg_cpt_first_edge_cnt[97]"/>
		<UNet Net="dbg_cpt_first_edge_cnt[96]"/>
		<UNet Net="dbg_cpt_first_edge_cnt[95]"/>
		<UNet Net="dbg_cpt_first_edge_cnt[94]"/>
		<UNet Net="dbg_cpt_first_edge_cnt[93]"/>
		<UNet Net="dbg_cpt_first_edge_cnt[92]"/>
		<UNet Net="dbg_cpt_first_edge_cnt[91]"/>
		<UNet Net="dbg_cpt_first_edge_cnt[90]"/>
		<UNet Net="dbg_cpt_first_edge_cnt[89]"/>
		<UNet Net="dbg_cpt_first_edge_cnt[88]"/>
		<UNet Net="dbg_cpt_first_edge_cnt[87]"/>
		<UNet Net="dbg_cpt_first_edge_cnt[86]"/>
		<UNet Net="dbg_cpt_first_edge_cnt[85]"/>
		<UNet Net="dbg_cpt_first_edge_cnt[84]"/>
		<UNet Net="dbg_cpt_first_edge_cnt[83]"/>
		<UNet Net="dbg_cpt_first_edge_cnt[82]"/>
		<UNet Net="dbg_cpt_first_edge_cnt[81]"/>
		<UNet Net="dbg_cpt_first_edge_cnt[80]"/>
		<UNet Net="dbg_cpt_first_edge_cnt[79]"/>
		<UNet Net="dbg_cpt_first_edge_cnt[78]"/>
		<UNet Net="dbg_cpt_first_edge_cnt[77]"/>
		<UNet Net="dbg_cpt_first_edge_cnt[76]"/>
		<UNet Net="dbg_cpt_first_edge_cnt[75]"/>
		<UNet Net="dbg_cpt_first_edge_cnt[74]"/>
		<UNet Net="dbg_cpt_first_edge_cnt[73]"/>
		<UNet Net="dbg_cpt_first_edge_cnt[72]"/>
		<UNet Net="dbg_cpt_first_edge_cnt[71]"/>
		<UNet Net="dbg_cpt_first_edge_cnt[70]"/>
		<UNet Net="dbg_cpt_first_edge_cnt[69]"/>
		<UNet Net="dbg_cpt_first_edge_cnt[68]"/>
		<UNet Net="dbg_cpt_first_edge_cnt[67]"/>
		<UNet Net="dbg_cpt_first_edge_cnt[66]"/>
		<UNet Net="dbg_cpt_first_edge_cnt[65]"/>
		<UNet Net="dbg_cpt_first_edge_cnt[64]"/>
		<UNet Net="dbg_cpt_first_edge_cnt[63]"/>
		<UNet Net="dbg_cpt_first_edge_cnt[62]"/>
		<UNet Net="dbg_cpt_first_edge_cnt[61]"/>
		<UNet Net="dbg_cpt_first_edge_cnt[60]"/>
		<UNet Net="dbg_cpt_first_edge_cnt[59]"/>
		<UNet Net="dbg_cpt_first_edge_cnt[58]"/>
		<UNet Net="dbg_cpt_first_edge_cnt[57]"/>
		<UNet Net="dbg_cpt_first_edge_cnt[56]"/>
		<UNet Net="dbg_cpt_first_edge_cnt[55]"/>
		<UNet Net="dbg_cpt_first_edge_cnt[54]"/>
		<UNet Net="dbg_cpt_first_edge_cnt[53]"/>
		<UNet Net="dbg_cpt_first_edge_cnt[52]"/>
		<UNet Net="dbg_cpt_first_edge_cnt[51]"/>
		<UNet Net="dbg_cpt_first_edge_cnt[50]"/>
		<UNet Net="dbg_cpt_first_edge_cnt[49]"/>
		<UNet Net="dbg_cpt_first_edge_cnt[48]"/>
		<UNet Net="dbg_cpt_first_edge_cnt[47]"/>
		<UNet Net="dbg_cpt_first_edge_cnt[46]"/>
		<UNet Net="dbg_cpt_first_edge_cnt[45]"/>
		<UNet Net="dbg_cpt_first_edge_cnt[44]"/>
		<UNet Net="dbg_cpt_first_edge_cnt[43]"/>
		<UNet Net="dbg_cpt_first_edge_cnt[42]"/>
		<UNet Net="dbg_cpt_first_edge_cnt[41]"/>
		<UNet Net="dbg_cpt_first_edge_cnt[40]"/>
		<UNet Net="dbg_cpt_first_edge_cnt[39]"/>
		<UNet Net="dbg_cpt_first_edge_cnt[38]"/>
		<UNet Net="dbg_cpt_first_edge_cnt[37]"/>
		<UNet Net="dbg_cpt_first_edge_cnt[36]"/>
		<UNet Net="dbg_cpt_first_edge_cnt[35]"/>
		<UNet Net="dbg_cpt_first_edge_cnt[34]"/>
		<UNet Net="dbg_cpt_first_edge_cnt[33]"/>
		<UNet Net="dbg_cpt_first_edge_cnt[32]"/>
		<UNet Net="dbg_cpt_first_edge_cnt[31]"/>
		<UNet Net="dbg_cpt_first_edge_cnt[30]"/>
		<UNet Net="dbg_cpt_first_edge_cnt[29]"/>
		<UNet Net="dbg_cpt_first_edge_cnt[28]"/>
		<UNet Net="dbg_cpt_first_edge_cnt[27]"/>
		<UNet Net="dbg_cpt_first_edge_cnt[26]"/>
		<UNet Net="dbg_cpt_first_edge_cnt[25]"/>
		<UNet Net="dbg_cpt_first_edge_cnt[24]"/>
		<UNet Net="dbg_cpt_first_edge_cnt[23]"/>
		<UNet Net="dbg_cpt_first_edge_cnt[22]"/>
		<UNet Net="dbg_cpt_first_edge_cnt[21]"/>
		<UNet Net="dbg_cpt_first_edge_cnt[20]"/>
		<UNet Net="dbg_cpt_first_edge_cnt[19]"/>
		<UNet Net="dbg_cpt_first_edge_cnt[18]"/>
		<UNet Net="dbg_cpt_first_edge_cnt[17]"/>
		<UNet Net="dbg_cpt_first_edge_cnt[16]"/>
		<UNet Net="dbg_cpt_first_edge_cnt[15]"/>
		<UNet Net="dbg_cpt_first_edge_cnt[14]"/>
		<UNet Net="dbg_cpt_first_edge_cnt[13]"/>
		<UNet Net="dbg_cpt_first_edge_cnt[12]"/>
		<UNet Net="dbg_cpt_first_edge_cnt[11]"/>
		<UNet Net="dbg_cpt_first_edge_cnt[10]"/>
		<UNet Net="dbg_cpt_first_edge_cnt[9]"/>
		<UNet Net="dbg_cpt_first_edge_cnt[8]"/>
		<UNet Net="dbg_cpt_first_edge_cnt[7]"/>
		<UNet Net="dbg_cpt_first_edge_cnt[6]"/>
		<UNet Net="dbg_cpt_first_edge_cnt[5]"/>
		<UNet Net="dbg_cpt_first_edge_cnt[4]"/>
		<UNet Net="dbg_cpt_first_edge_cnt[3]"/>
		<UNet Net="dbg_cpt_first_edge_cnt[2]"/>
		<UNet Net="dbg_cpt_first_edge_cnt[1]"/>
		<UNet Net="dbg_cpt_first_edge_cnt[0]"/>
		<UNet Net="dbg_cpt_second_edge_cnt[107]"/>
		<UNet Net="dbg_cpt_second_edge_cnt[106]"/>
		<UNet Net="dbg_cpt_second_edge_cnt[105]"/>
		<UNet Net="dbg_cpt_second_edge_cnt[104]"/>
		<UNet Net="dbg_cpt_second_edge_cnt[103]"/>
		<UNet Net="dbg_cpt_second_edge_cnt[102]"/>
		<UNet Net="dbg_cpt_second_edge_cnt[101]"/>
		<UNet Net="dbg_cpt_second_edge_cnt[100]"/>
		<UNet Net="dbg_cpt_second_edge_cnt[99]"/>
		<UNet Net="dbg_cpt_second_edge_cnt[98]"/>
		<UNet Net="dbg_cpt_second_edge_cnt[97]"/>
		<UNet Net="dbg_cpt_second_edge_cnt[96]"/>
		<UNet Net="dbg_cpt_second_edge_cnt[95]"/>
		<UNet Net="dbg_cpt_second_edge_cnt[94]"/>
		<UNet Net="dbg_cpt_second_edge_cnt[93]"/>
		<UNet Net="dbg_cpt_second_edge_cnt[92]"/>
		<UNet Net="dbg_cpt_second_edge_cnt[91]"/>
		<UNet Net="dbg_cpt_second_edge_cnt[90]"/>
		<UNet Net="dbg_cpt_second_edge_cnt[89]"/>
		<UNet Net="dbg_cpt_second_edge_cnt[88]"/>
		<UNet Net="dbg_cpt_second_edge_cnt[87]"/>
		<UNet Net="dbg_cpt_second_edge_cnt[86]"/>
		<UNet Net="dbg_cpt_second_edge_cnt[85]"/>
		<UNet Net="dbg_cpt_second_edge_cnt[84]"/>
		<UNet Net="dbg_cpt_second_edge_cnt[83]"/>
		<UNet Net="dbg_cpt_second_edge_cnt[82]"/>
		<UNet Net="dbg_cpt_second_edge_cnt[81]"/>
		<UNet Net="dbg_cpt_second_edge_cnt[80]"/>
		<UNet Net="dbg_cpt_second_edge_cnt[79]"/>
		<UNet Net="dbg_cpt_second_edge_cnt[78]"/>
		<UNet Net="dbg_cpt_second_edge_cnt[77]"/>
		<UNet Net="dbg_cpt_second_edge_cnt[76]"/>
		<UNet Net="dbg_cpt_second_edge_cnt[75]"/>
		<UNet Net="dbg_cpt_second_edge_cnt[74]"/>
		<UNet Net="dbg_cpt_second_edge_cnt[73]"/>
		<UNet Net="dbg_cpt_second_edge_cnt[72]"/>
		<UNet Net="dbg_cpt_second_edge_cnt[71]"/>
		<UNet Net="dbg_cpt_second_edge_cnt[70]"/>
		<UNet Net="dbg_cpt_second_edge_cnt[69]"/>
		<UNet Net="dbg_cpt_second_edge_cnt[68]"/>
		<UNet Net="dbg_cpt_second_edge_cnt[67]"/>
		<UNet Net="dbg_cpt_second_edge_cnt[66]"/>
		<UNet Net="dbg_cpt_second_edge_cnt[65]"/>
		<UNet Net="dbg_cpt_second_edge_cnt[64]"/>
		<UNet Net="dbg_cpt_second_edge_cnt[63]"/>
		<UNet Net="dbg_cpt_second_edge_cnt[62]"/>
		<UNet Net="dbg_cpt_second_edge_cnt[61]"/>
		<UNet Net="dbg_cpt_second_edge_cnt[60]"/>
		<UNet Net="dbg_cpt_second_edge_cnt[59]"/>
		<UNet Net="dbg_cpt_second_edge_cnt[58]"/>
		<UNet Net="dbg_cpt_second_edge_cnt[57]"/>
		<UNet Net="dbg_cpt_second_edge_cnt[56]"/>
		<UNet Net="dbg_cpt_second_edge_cnt[55]"/>
		<UNet Net="dbg_cpt_second_edge_cnt[54]"/>
		<UNet Net="dbg_cpt_second_edge_cnt[53]"/>
		<UNet Net="dbg_cpt_second_edge_cnt[52]"/>
		<UNet Net="dbg_cpt_second_edge_cnt[51]"/>
		<UNet Net="dbg_cpt_second_edge_cnt[50]"/>
		<UNet Net="dbg_cpt_second_edge_cnt[49]"/>
		<UNet Net="dbg_cpt_second_edge_cnt[48]"/>
		<UNet Net="dbg_cpt_second_edge_cnt[47]"/>
		<UNet Net="dbg_cpt_second_edge_cnt[46]"/>
		<UNet Net="dbg_cpt_second_edge_cnt[45]"/>
		<UNet Net="dbg_cpt_second_edge_cnt[44]"/>
		<UNet Net="dbg_cpt_second_edge_cnt[43]"/>
		<UNet Net="dbg_cpt_second_edge_cnt[42]"/>
		<UNet Net="dbg_cpt_second_edge_cnt[41]"/>
		<UNet Net="dbg_cpt_second_edge_cnt[40]"/>
		<UNet Net="dbg_cpt_second_edge_cnt[39]"/>
		<UNet Net="dbg_cpt_second_edge_cnt[38]"/>
		<UNet Net="dbg_cpt_second_edge_cnt[37]"/>
		<UNet Net="dbg_cpt_second_edge_cnt[36]"/>
		<UNet Net="dbg_cpt_second_edge_cnt[35]"/>
		<UNet Net="dbg_cpt_second_edge_cnt[34]"/>
		<UNet Net="dbg_cpt_second_edge_cnt[33]"/>
		<UNet Net="dbg_cpt_second_edge_cnt[32]"/>
		<UNet Net="dbg_cpt_second_edge_cnt[31]"/>
		<UNet Net="dbg_cpt_second_edge_cnt[30]"/>
		<UNet Net="dbg_cpt_second_edge_cnt[29]"/>
		<UNet Net="dbg_cpt_second_edge_cnt[28]"/>
		<UNet Net="dbg_cpt_second_edge_cnt[27]"/>
		<UNet Net="dbg_cpt_second_edge_cnt[26]"/>
		<UNet Net="dbg_cpt_second_edge_cnt[25]"/>
		<UNet Net="dbg_cpt_second_edge_cnt[24]"/>
		<UNet Net="dbg_cpt_second_edge_cnt[23]"/>
		<UNet Net="dbg_cpt_second_edge_cnt[22]"/>
		<UNet Net="dbg_cpt_second_edge_cnt[21]"/>
		<UNet Net="dbg_cpt_second_edge_cnt[20]"/>
		<UNet Net="dbg_cpt_second_edge_cnt[19]"/>
		<UNet Net="dbg_cpt_second_edge_cnt[18]"/>
		<UNet Net="dbg_cpt_second_edge_cnt[17]"/>
		<UNet Net="dbg_cpt_second_edge_cnt[16]"/>
		<UNet Net="dbg_cpt_second_edge_cnt[15]"/>
		<UNet Net="dbg_cpt_second_edge_cnt[14]"/>
		<UNet Net="dbg_cpt_second_edge_cnt[13]"/>
		<UNet Net="dbg_cpt_second_edge_cnt[12]"/>
		<UNet Net="dbg_cpt_second_edge_cnt[11]"/>
		<UNet Net="dbg_cpt_second_edge_cnt[10]"/>
		<UNet Net="dbg_cpt_second_edge_cnt[9]"/>
		<UNet Net="dbg_cpt_second_edge_cnt[8]"/>
		<UNet Net="dbg_cpt_second_edge_cnt[7]"/>
		<UNet Net="dbg_cpt_second_edge_cnt[6]"/>
		<UNet Net="dbg_cpt_second_edge_cnt[5]"/>
		<UNet Net="dbg_cpt_second_edge_cnt[4]"/>
		<UNet Net="dbg_cpt_second_edge_cnt[3]"/>
		<UNet Net="dbg_cpt_second_edge_cnt[2]"/>
		<UNet Net="dbg_cpt_second_edge_cnt[1]"/>
		<UNet Net="dbg_cpt_second_edge_cnt[0]"/>
		<UNet Net="dbg_cpt_tap_cnt[107]"/>
		<UNet Net="dbg_cpt_tap_cnt[106]"/>
		<UNet Net="dbg_cpt_tap_cnt[105]"/>
		<UNet Net="dbg_cpt_tap_cnt[104]"/>
		<UNet Net="dbg_cpt_tap_cnt[103]"/>
		<UNet Net="dbg_cpt_tap_cnt[102]"/>
		<UNet Net="dbg_cpt_tap_cnt[101]"/>
		<UNet Net="dbg_cpt_tap_cnt[100]"/>
		<UNet Net="dbg_cpt_tap_cnt[99]"/>
		<UNet Net="dbg_cpt_tap_cnt[98]"/>
		<UNet Net="dbg_cpt_tap_cnt[97]"/>
		<UNet Net="dbg_cpt_tap_cnt[96]"/>
		<UNet Net="dbg_cpt_tap_cnt[95]"/>
		<UNet Net="dbg_cpt_tap_cnt[94]"/>
		<UNet Net="dbg_cpt_tap_cnt[93]"/>
		<UNet Net="dbg_cpt_tap_cnt[92]"/>
		<UNet Net="dbg_cpt_tap_cnt[91]"/>
		<UNet Net="dbg_cpt_tap_cnt[90]"/>
		<UNet Net="dbg_cpt_tap_cnt[89]"/>
		<UNet Net="dbg_cpt_tap_cnt[88]"/>
		<UNet Net="dbg_cpt_tap_cnt[87]"/>
		<UNet Net="dbg_cpt_tap_cnt[86]"/>
		<UNet Net="dbg_cpt_tap_cnt[85]"/>
		<UNet Net="dbg_cpt_tap_cnt[84]"/>
		<UNet Net="dbg_cpt_tap_cnt[83]"/>
		<UNet Net="dbg_cpt_tap_cnt[82]"/>
		<UNet Net="dbg_cpt_tap_cnt[81]"/>
		<UNet Net="dbg_cpt_tap_cnt[80]"/>
		<UNet Net="dbg_cpt_tap_cnt[79]"/>
		<UNet Net="dbg_cpt_tap_cnt[78]"/>
		<UNet Net="dbg_cpt_tap_cnt[77]"/>
		<UNet Net="dbg_cpt_tap_cnt[76]"/>
		<UNet Net="dbg_cpt_tap_cnt[75]"/>
		<UNet Net="dbg_cpt_tap_cnt[74]"/>
		<UNet Net="dbg_cpt_tap_cnt[73]"/>
		<UNet Net="dbg_cpt_tap_cnt[72]"/>
		<UNet Net="dbg_cpt_tap_cnt[71]"/>
		<UNet Net="dbg_cpt_tap_cnt[70]"/>
		<UNet Net="dbg_cpt_tap_cnt[69]"/>
		<UNet Net="dbg_cpt_tap_cnt[68]"/>
		<UNet Net="dbg_cpt_tap_cnt[67]"/>
		<UNet Net="dbg_cpt_tap_cnt[66]"/>
		<UNet Net="dbg_cpt_tap_cnt[65]"/>
		<UNet Net="dbg_cpt_tap_cnt[64]"/>
		<UNet Net="dbg_cpt_tap_cnt[63]"/>
		<UNet Net="dbg_cpt_tap_cnt[62]"/>
		<UNet Net="dbg_cpt_tap_cnt[61]"/>
		<UNet Net="dbg_cpt_tap_cnt[60]"/>
		<UNet Net="dbg_cpt_tap_cnt[59]"/>
		<UNet Net="dbg_cpt_tap_cnt[58]"/>
		<UNet Net="dbg_cpt_tap_cnt[57]"/>
		<UNet Net="dbg_cpt_tap_cnt[56]"/>
		<UNet Net="dbg_cpt_tap_cnt[55]"/>
		<UNet Net="dbg_cpt_tap_cnt[54]"/>
		<UNet Net="dbg_cpt_tap_cnt[53]"/>
		<UNet Net="dbg_cpt_tap_cnt[52]"/>
		<UNet Net="dbg_cpt_tap_cnt[51]"/>
		<UNet Net="dbg_cpt_tap_cnt[50]"/>
		<UNet Net="dbg_cpt_tap_cnt[49]"/>
		<UNet Net="dbg_cpt_tap_cnt[48]"/>
		<UNet Net="dbg_cpt_tap_cnt[47]"/>
		<UNet Net="dbg_cpt_tap_cnt[46]"/>
		<UNet Net="dbg_cpt_tap_cnt[45]"/>
		<UNet Net="dbg_cpt_tap_cnt[44]"/>
		<UNet Net="dbg_cpt_tap_cnt[43]"/>
		<UNet Net="dbg_cpt_tap_cnt[42]"/>
		<UNet Net="dbg_cpt_tap_cnt[41]"/>
		<UNet Net="dbg_cpt_tap_cnt[40]"/>
		<UNet Net="dbg_cpt_tap_cnt[39]"/>
		<UNet Net="dbg_cpt_tap_cnt[38]"/>
		<UNet Net="dbg_cpt_tap_cnt[37]"/>
		<UNet Net="dbg_cpt_tap_cnt[36]"/>
		<UNet Net="dbg_cpt_tap_cnt[35]"/>
		<UNet Net="dbg_cpt_tap_cnt[34]"/>
		<UNet Net="dbg_cpt_tap_cnt[33]"/>
		<UNet Net="dbg_cpt_tap_cnt[32]"/>
		<UNet Net="dbg_cpt_tap_cnt[31]"/>
		<UNet Net="dbg_cpt_tap_cnt[30]"/>
		<UNet Net="dbg_cpt_tap_cnt[29]"/>
		<UNet Net="dbg_cpt_tap_cnt[28]"/>
		<UNet Net="dbg_cpt_tap_cnt[27]"/>
		<UNet Net="dbg_cpt_tap_cnt[26]"/>
		<UNet Net="dbg_cpt_tap_cnt[25]"/>
		<UNet Net="dbg_cpt_tap_cnt[24]"/>
		<UNet Net="dbg_cpt_tap_cnt[23]"/>
		<UNet Net="dbg_cpt_tap_cnt[22]"/>
		<UNet Net="dbg_cpt_tap_cnt[21]"/>
		<UNet Net="dbg_cpt_tap_cnt[20]"/>
		<UNet Net="dbg_cpt_tap_cnt[19]"/>
		<UNet Net="dbg_cpt_tap_cnt[18]"/>
		<UNet Net="dbg_cpt_tap_cnt[17]"/>
		<UNet Net="dbg_cpt_tap_cnt[16]"/>
		<UNet Net="dbg_cpt_tap_cnt[15]"/>
		<UNet Net="dbg_cpt_tap_cnt[14]"/>
		<UNet Net="dbg_cpt_tap_cnt[13]"/>
		<UNet Net="dbg_cpt_tap_cnt[12]"/>
		<UNet Net="dbg_cpt_tap_cnt[11]"/>
		<UNet Net="dbg_cpt_tap_cnt[10]"/>
		<UNet Net="dbg_cpt_tap_cnt[9]"/>
		<UNet Net="dbg_cpt_tap_cnt[8]"/>
		<UNet Net="dbg_cpt_tap_cnt[7]"/>
		<UNet Net="dbg_cpt_tap_cnt[6]"/>
		<UNet Net="dbg_cpt_tap_cnt[5]"/>
		<UNet Net="dbg_cpt_tap_cnt[4]"/>
		<UNet Net="dbg_cpt_tap_cnt[3]"/>
		<UNet Net="dbg_cpt_tap_cnt[2]"/>
		<UNet Net="dbg_cpt_tap_cnt[1]"/>
		<UNet Net="dbg_cpt_tap_cnt[0]"/>
		<UNet Net="dbg_dq_idelay_tap_cnt[89]"/>
		<UNet Net="dbg_dq_idelay_tap_cnt[88]"/>
		<UNet Net="dbg_dq_idelay_tap_cnt[87]"/>
		<UNet Net="dbg_dq_idelay_tap_cnt[86]"/>
		<UNet Net="dbg_dq_idelay_tap_cnt[85]"/>
		<UNet Net="dbg_dq_idelay_tap_cnt[84]"/>
		<UNet Net="dbg_dq_idelay_tap_cnt[83]"/>
		<UNet Net="dbg_dq_idelay_tap_cnt[82]"/>
		<UNet Net="dbg_dq_idelay_tap_cnt[81]"/>
		<UNet Net="dbg_dq_idelay_tap_cnt[80]"/>
		<UNet Net="dbg_dq_idelay_tap_cnt[79]"/>
		<UNet Net="dbg_dq_idelay_tap_cnt[78]"/>
		<UNet Net="dbg_dq_idelay_tap_cnt[77]"/>
		<UNet Net="dbg_dq_idelay_tap_cnt[76]"/>
		<UNet Net="dbg_dq_idelay_tap_cnt[75]"/>
		<UNet Net="dbg_dq_idelay_tap_cnt[74]"/>
		<UNet Net="dbg_dq_idelay_tap_cnt[73]"/>
		<UNet Net="dbg_dq_idelay_tap_cnt[72]"/>
		<UNet Net="dbg_dq_idelay_tap_cnt[71]"/>
		<UNet Net="dbg_dq_idelay_tap_cnt[70]"/>
		<UNet Net="dbg_dq_idelay_tap_cnt[69]"/>
		<UNet Net="dbg_dq_idelay_tap_cnt[68]"/>
		<UNet Net="dbg_dq_idelay_tap_cnt[67]"/>
		<UNet Net="dbg_dq_idelay_tap_cnt[66]"/>
		<UNet Net="dbg_dq_idelay_tap_cnt[65]"/>
		<UNet Net="dbg_dq_idelay_tap_cnt[64]"/>
		<UNet Net="dbg_dq_idelay_tap_cnt[63]"/>
		<UNet Net="dbg_dq_idelay_tap_cnt[62]"/>
		<UNet Net="dbg_dq_idelay_tap_cnt[61]"/>
		<UNet Net="dbg_dq_idelay_tap_cnt[60]"/>
		<UNet Net="dbg_dq_idelay_tap_cnt[59]"/>
		<UNet Net="dbg_dq_idelay_tap_cnt[58]"/>
		<UNet Net="dbg_dq_idelay_tap_cnt[57]"/>
		<UNet Net="dbg_dq_idelay_tap_cnt[56]"/>
		<UNet Net="dbg_dq_idelay_tap_cnt[55]"/>
		<UNet Net="dbg_dq_idelay_tap_cnt[54]"/>
		<UNet Net="dbg_dq_idelay_tap_cnt[53]"/>
		<UNet Net="dbg_dq_idelay_tap_cnt[52]"/>
		<UNet Net="dbg_dq_idelay_tap_cnt[51]"/>
		<UNet Net="dbg_dq_idelay_tap_cnt[50]"/>
		<UNet Net="dbg_dq_idelay_tap_cnt[49]"/>
		<UNet Net="dbg_dq_idelay_tap_cnt[48]"/>
		<UNet Net="dbg_dq_idelay_tap_cnt[47]"/>
		<UNet Net="dbg_dq_idelay_tap_cnt[46]"/>
		<UNet Net="dbg_dq_idelay_tap_cnt[45]"/>
		<UNet Net="dbg_dq_idelay_tap_cnt[44]"/>
		<UNet Net="dbg_dq_idelay_tap_cnt[43]"/>
		<UNet Net="dbg_dq_idelay_tap_cnt[42]"/>
		<UNet Net="dbg_dq_idelay_tap_cnt[41]"/>
		<UNet Net="dbg_dq_idelay_tap_cnt[40]"/>
		<UNet Net="dbg_dq_idelay_tap_cnt[39]"/>
		<UNet Net="dbg_dq_idelay_tap_cnt[38]"/>
		<UNet Net="dbg_dq_idelay_tap_cnt[37]"/>
		<UNet Net="dbg_dq_idelay_tap_cnt[36]"/>
		<UNet Net="dbg_dq_idelay_tap_cnt[35]"/>
		<UNet Net="dbg_dq_idelay_tap_cnt[34]"/>
		<UNet Net="dbg_dq_idelay_tap_cnt[33]"/>
		<UNet Net="dbg_dq_idelay_tap_cnt[32]"/>
		<UNet Net="dbg_dq_idelay_tap_cnt[31]"/>
		<UNet Net="dbg_dq_idelay_tap_cnt[30]"/>
		<UNet Net="dbg_dq_idelay_tap_cnt[29]"/>
		<UNet Net="dbg_dq_idelay_tap_cnt[28]"/>
		<UNet Net="dbg_dq_idelay_tap_cnt[27]"/>
		<UNet Net="dbg_dq_idelay_tap_cnt[26]"/>
		<UNet Net="dbg_dq_idelay_tap_cnt[25]"/>
		<UNet Net="dbg_dq_idelay_tap_cnt[24]"/>
		<UNet Net="dbg_dq_idelay_tap_cnt[23]"/>
		<UNet Net="dbg_dq_idelay_tap_cnt[22]"/>
		<UNet Net="dbg_dq_idelay_tap_cnt[21]"/>
		<UNet Net="dbg_dq_idelay_tap_cnt[20]"/>
		<UNet Net="dbg_dq_idelay_tap_cnt[19]"/>
		<UNet Net="dbg_dq_idelay_tap_cnt[18]"/>
		<UNet Net="dbg_dq_idelay_tap_cnt[17]"/>
		<UNet Net="dbg_dq_idelay_tap_cnt[16]"/>
		<UNet Net="dbg_dq_idelay_tap_cnt[15]"/>
		<UNet Net="dbg_dq_idelay_tap_cnt[14]"/>
		<UNet Net="dbg_dq_idelay_tap_cnt[13]"/>
		<UNet Net="dbg_dq_idelay_tap_cnt[12]"/>
		<UNet Net="dbg_dq_idelay_tap_cnt[11]"/>
		<UNet Net="dbg_dq_idelay_tap_cnt[10]"/>
		<UNet Net="dbg_dq_idelay_tap_cnt[9]"/>
		<UNet Net="dbg_dq_idelay_tap_cnt[8]"/>
		<UNet Net="dbg_dq_idelay_tap_cnt[7]"/>
		<UNet Net="dbg_dq_idelay_tap_cnt[6]"/>
		<UNet Net="dbg_dq_idelay_tap_cnt[5]"/>
		<UNet Net="dbg_dq_idelay_tap_cnt[4]"/>
		<UNet Net="dbg_dq_idelay_tap_cnt[3]"/>
		<UNet Net="dbg_dq_idelay_tap_cnt[2]"/>
		<UNet Net="dbg_dq_idelay_tap_cnt[1]"/>
		<UNet Net="dbg_dq_idelay_tap_cnt[0]"/>
		<UNet Net="dbg_prbs_rdlvl[254]"/>
		<UNet Net="dbg_prbs_rdlvl[253]"/>
		<UNet Net="dbg_prbs_rdlvl[252]"/>
		<UNet Net="dbg_prbs_rdlvl[251]"/>
		<UNet Net="dbg_prbs_rdlvl[250]"/>
		<UNet Net="dbg_prbs_rdlvl[249]"/>
		<UNet Net="dbg_prbs_rdlvl[248]"/>
		<UNet Net="dbg_prbs_rdlvl[247]"/>
		<UNet Net="dbg_prbs_rdlvl[246]"/>
		<UNet Net="dbg_prbs_rdlvl[245]"/>
		<UNet Net="dbg_prbs_rdlvl[244]"/>
		<UNet Net="dbg_prbs_rdlvl[243]"/>
		<UNet Net="dbg_prbs_rdlvl[242]"/>
		<UNet Net="dbg_prbs_rdlvl[241]"/>
		<UNet Net="dbg_prbs_rdlvl[240]"/>
		<UNet Net="dbg_prbs_rdlvl[239]"/>
		<UNet Net="dbg_prbs_rdlvl[238]"/>
		<UNet Net="dbg_prbs_rdlvl[237]"/>
		<UNet Net="dbg_prbs_rdlvl[236]"/>
		<UNet Net="dbg_prbs_rdlvl[235]"/>
		<UNet Net="dbg_prbs_rdlvl[234]"/>
		<UNet Net="dbg_prbs_rdlvl[233]"/>
		<UNet Net="dbg_prbs_rdlvl[232]"/>
		<UNet Net="dbg_prbs_rdlvl[231]"/>
		<UNet Net="dbg_prbs_rdlvl[230]"/>
		<UNet Net="dbg_prbs_rdlvl[229]"/>
		<UNet Net="dbg_prbs_rdlvl[228]"/>
		<UNet Net="dbg_prbs_rdlvl[227]"/>
		<UNet Net="dbg_prbs_rdlvl[226]"/>
		<UNet Net="dbg_prbs_rdlvl[225]"/>
		<UNet Net="dbg_prbs_rdlvl[224]"/>
		<UNet Net="dbg_prbs_rdlvl[223]"/>
		<UNet Net="dbg_prbs_rdlvl[222]"/>
		<UNet Net="dbg_prbs_rdlvl[221]"/>
		<UNet Net="dbg_prbs_rdlvl[220]"/>
		<UNet Net="dbg_prbs_rdlvl[219]"/>
		<UNet Net="dbg_prbs_rdlvl[218]"/>
		<UNet Net="dbg_prbs_rdlvl[217]"/>
		<UNet Net="dbg_prbs_rdlvl[216]"/>
		<UNet Net="dbg_prbs_rdlvl[215]"/>
		<UNet Net="dbg_prbs_rdlvl[214]"/>
		<UNet Net="dbg_prbs_rdlvl[213]"/>
		<UNet Net="dbg_prbs_rdlvl[212]"/>
		<UNet Net="dbg_prbs_rdlvl[211]"/>
		<UNet Net="dbg_prbs_rdlvl[210]"/>
		<UNet Net="dbg_prbs_rdlvl[209]"/>
		<UNet Net="dbg_prbs_rdlvl[208]"/>
		<UNet Net="dbg_prbs_rdlvl[207]"/>
		<UNet Net="dbg_prbs_rdlvl[206]"/>
		<UNet Net="dbg_prbs_rdlvl[205]"/>
		<UNet Net="dbg_prbs_rdlvl[204]"/>
		<UNet Net="dbg_prbs_rdlvl[203]"/>
		<UNet Net="dbg_prbs_rdlvl[202]"/>
		<UNet Net="dbg_prbs_rdlvl[201]"/>
		<UNet Net="dbg_prbs_rdlvl[200]"/>
		<UNet Net="dbg_prbs_rdlvl[199]"/>
		<UNet Net="dbg_prbs_rdlvl[198]"/>
		<UNet Net="dbg_prbs_rdlvl[197]"/>
		<UNet Net="dbg_prbs_rdlvl[196]"/>
		<UNet Net="dbg_prbs_rdlvl[195]"/>
		<UNet Net="dbg_prbs_rdlvl[194]"/>
		<UNet Net="dbg_prbs_rdlvl[193]"/>
		<UNet Net="dbg_prbs_rdlvl[192]"/>
		<UNet Net="dbg_prbs_rdlvl[191]"/>
		<UNet Net="dbg_prbs_rdlvl[190]"/>
		<UNet Net="dbg_prbs_rdlvl[189]"/>
		<UNet Net="dbg_prbs_rdlvl[188]"/>
		<UNet Net="dbg_prbs_rdlvl[187]"/>
		<UNet Net="dbg_prbs_rdlvl[186]"/>
		<UNet Net="dbg_prbs_rdlvl[185]"/>
		<UNet Net="dbg_prbs_rdlvl[184]"/>
		<UNet Net="dbg_prbs_rdlvl[183]"/>
		<UNet Net="dbg_prbs_rdlvl[182]"/>
		<UNet Net="dbg_prbs_rdlvl[181]"/>
		<UNet Net="dbg_prbs_rdlvl[180]"/>
		<UNet Net="dbg_prbs_rdlvl[179]"/>
		<UNet Net="dbg_prbs_rdlvl[178]"/>
		<UNet Net="dbg_prbs_rdlvl[177]"/>
		<UNet Net="dbg_prbs_rdlvl[176]"/>
		<UNet Net="dbg_prbs_rdlvl[175]"/>
		<UNet Net="dbg_prbs_rdlvl[174]"/>
		<UNet Net="dbg_prbs_rdlvl[173]"/>
		<UNet Net="dbg_prbs_rdlvl[172]"/>
		<UNet Net="dbg_prbs_rdlvl[171]"/>
		<UNet Net="dbg_prbs_rdlvl[170]"/>
		<UNet Net="dbg_prbs_rdlvl[169]"/>
		<UNet Net="dbg_prbs_rdlvl[168]"/>
		<UNet Net="dbg_prbs_rdlvl[167]"/>
		<UNet Net="dbg_prbs_rdlvl[166]"/>
		<UNet Net="dbg_prbs_rdlvl[165]"/>
		<UNet Net="dbg_prbs_rdlvl[164]"/>
		<UNet Net="dbg_prbs_rdlvl[163]"/>
		<UNet Net="dbg_prbs_rdlvl[162]"/>
		<UNet Net="dbg_prbs_rdlvl[161]"/>
		<UNet Net="dbg_prbs_rdlvl[160]"/>
		<UNet Net="dbg_prbs_rdlvl[159]"/>
		<UNet Net="dbg_prbs_rdlvl[158]"/>
		<UNet Net="dbg_prbs_rdlvl[157]"/>
		<UNet Net="dbg_prbs_rdlvl[156]"/>
		<UNet Net="dbg_prbs_rdlvl[155]"/>
		<UNet Net="dbg_prbs_rdlvl[154]"/>
		<UNet Net="dbg_prbs_rdlvl[153]"/>
		<UNet Net="dbg_prbs_rdlvl[152]"/>
		<UNet Net="dbg_prbs_rdlvl[151]"/>
		<UNet Net="dbg_prbs_rdlvl[150]"/>
		<UNet Net="dbg_prbs_rdlvl[149]"/>
		<UNet Net="dbg_prbs_rdlvl[148]"/>
		<UNet Net="dbg_prbs_rdlvl[147]"/>
		<UNet Net="dbg_prbs_rdlvl[146]"/>
		<UNet Net="dbg_prbs_rdlvl[145]"/>
		<UNet Net="dbg_prbs_rdlvl[144]"/>
		<UNet Net="dbg_prbs_rdlvl[143]"/>
		<UNet Net="dbg_prbs_rdlvl[142]"/>
		<UNet Net="dbg_prbs_rdlvl[141]"/>
		<UNet Net="dbg_prbs_rdlvl[140]"/>
		<UNet Net="dbg_prbs_rdlvl[139]"/>
		<UNet Net="dbg_prbs_rdlvl[138]"/>
		<UNet Net="dbg_prbs_rdlvl[137]"/>
		<UNet Net="dbg_prbs_rdlvl[136]"/>
		<UNet Net="dbg_prbs_rdlvl[135]"/>
		<UNet Net="dbg_prbs_rdlvl[134]"/>
		<UNet Net="dbg_prbs_rdlvl[133]"/>
		<UNet Net="dbg_prbs_rdlvl[132]"/>
		<UNet Net="dbg_prbs_rdlvl[131]"/>
		<UNet Net="dbg_prbs_rdlvl[130]"/>
		<UNet Net="dbg_prbs_rdlvl[129]"/>
		<UNet Net="dbg_prbs_rdlvl[128]"/>
		<UNet Net="dbg_prbs_rdlvl[127]"/>
		<UNet Net="dbg_prbs_rdlvl[126]"/>
		<UNet Net="dbg_prbs_rdlvl[125]"/>
		<UNet Net="dbg_prbs_rdlvl[124]"/>
		<UNet Net="dbg_prbs_rdlvl[123]"/>
		<UNet Net="dbg_prbs_rdlvl[122]"/>
		<UNet Net="dbg_prbs_rdlvl[121]"/>
		<UNet Net="dbg_prbs_rdlvl[120]"/>
		<UNet Net="dbg_prbs_rdlvl[119]"/>
		<UNet Net="dbg_prbs_rdlvl[118]"/>
		<UNet Net="dbg_prbs_rdlvl[117]"/>
		<UNet Net="dbg_prbs_rdlvl[116]"/>
		<UNet Net="dbg_prbs_rdlvl[115]"/>
		<UNet Net="dbg_prbs_rdlvl[114]"/>
		<UNet Net="dbg_prbs_rdlvl[113]"/>
		<UNet Net="dbg_prbs_rdlvl[112]"/>
		<UNet Net="dbg_prbs_rdlvl[111]"/>
		<UNet Net="dbg_prbs_rdlvl[110]"/>
		<UNet Net="dbg_prbs_rdlvl[109]"/>
		<UNet Net="dbg_prbs_rdlvl[108]"/>
		<UNet Net="dbg_prbs_rdlvl[107]"/>
		<UNet Net="dbg_prbs_rdlvl[106]"/>
		<UNet Net="dbg_prbs_rdlvl[105]"/>
		<UNet Net="dbg_prbs_rdlvl[104]"/>
		<UNet Net="dbg_prbs_rdlvl[103]"/>
		<UNet Net="dbg_prbs_rdlvl[102]"/>
		<UNet Net="dbg_prbs_rdlvl[101]"/>
		<UNet Net="dbg_prbs_rdlvl[100]"/>
		<UNet Net="dbg_prbs_rdlvl[99]"/>
		<UNet Net="dbg_prbs_rdlvl[98]"/>
		<UNet Net="dbg_prbs_rdlvl[97]"/>
		<UNet Net="dbg_prbs_rdlvl[96]"/>
		<UNet Net="dbg_prbs_rdlvl[95]"/>
		<UNet Net="dbg_prbs_rdlvl[94]"/>
		<UNet Net="dbg_prbs_rdlvl[93]"/>
		<UNet Net="dbg_prbs_rdlvl[92]"/>
		<UNet Net="dbg_prbs_rdlvl[91]"/>
		<UNet Net="dbg_prbs_rdlvl[90]"/>
		<UNet Net="dbg_prbs_rdlvl[89]"/>
		<UNet Net="dbg_prbs_rdlvl[88]"/>
		<UNet Net="dbg_prbs_rdlvl[87]"/>
		<UNet Net="dbg_prbs_rdlvl[86]"/>
		<UNet Net="dbg_prbs_rdlvl[85]"/>
		<UNet Net="dbg_prbs_rdlvl[84]"/>
		<UNet Net="dbg_prbs_rdlvl[83]"/>
		<UNet Net="dbg_prbs_rdlvl[82]"/>
		<UNet Net="dbg_prbs_rdlvl[81]"/>
		<UNet Net="dbg_prbs_rdlvl[80]"/>
		<UNet Net="dbg_prbs_rdlvl[79]"/>
		<UNet Net="dbg_prbs_rdlvl[78]"/>
		<UNet Net="dbg_prbs_rdlvl[77]"/>
		<UNet Net="dbg_prbs_rdlvl[76]"/>
		<UNet Net="dbg_prbs_rdlvl[75]"/>
		<UNet Net="dbg_prbs_rdlvl[74]"/>
		<UNet Net="dbg_prbs_rdlvl[73]"/>
		<UNet Net="dbg_prbs_rdlvl[72]"/>
		<UNet Net="dbg_prbs_rdlvl[71]"/>
		<UNet Net="dbg_prbs_rdlvl[70]"/>
		<UNet Net="dbg_prbs_rdlvl[69]"/>
		<UNet Net="dbg_prbs_rdlvl[68]"/>
		<UNet Net="dbg_prbs_rdlvl[67]"/>
		<UNet Net="dbg_prbs_rdlvl[66]"/>
		<UNet Net="dbg_prbs_rdlvl[65]"/>
		<UNet Net="dbg_prbs_rdlvl[64]"/>
		<UNet Net="dbg_prbs_rdlvl[63]"/>
		<UNet Net="dbg_prbs_rdlvl[62]"/>
		<UNet Net="dbg_prbs_rdlvl[61]"/>
		<UNet Net="dbg_prbs_rdlvl[60]"/>
		<UNet Net="dbg_prbs_rdlvl[59]"/>
		<UNet Net="dbg_prbs_rdlvl[58]"/>
		<UNet Net="dbg_prbs_rdlvl[57]"/>
		<UNet Net="dbg_prbs_rdlvl[56]"/>
		<UNet Net="dbg_prbs_rdlvl[55]"/>
		<UNet Net="dbg_prbs_rdlvl[54]"/>
		<UNet Net="dbg_prbs_rdlvl[53]"/>
		<UNet Net="dbg_prbs_rdlvl[52]"/>
		<UNet Net="dbg_prbs_rdlvl[51]"/>
		<UNet Net="dbg_prbs_rdlvl[50]"/>
		<UNet Net="dbg_prbs_rdlvl[49]"/>
		<UNet Net="dbg_prbs_rdlvl[48]"/>
		<UNet Net="dbg_prbs_rdlvl[47]"/>
		<UNet Net="dbg_prbs_rdlvl[46]"/>
		<UNet Net="dbg_prbs_rdlvl[45]"/>
		<UNet Net="dbg_prbs_rdlvl[44]"/>
		<UNet Net="dbg_prbs_rdlvl[43]"/>
		<UNet Net="dbg_prbs_rdlvl[42]"/>
		<UNet Net="dbg_prbs_rdlvl[41]"/>
		<UNet Net="dbg_prbs_rdlvl[40]"/>
		<UNet Net="dbg_prbs_rdlvl[39]"/>
		<UNet Net="dbg_prbs_rdlvl[38]"/>
		<UNet Net="dbg_prbs_rdlvl[37]"/>
		<UNet Net="dbg_prbs_rdlvl[36]"/>
		<UNet Net="dbg_prbs_rdlvl[35]"/>
		<UNet Net="dbg_prbs_rdlvl[34]"/>
		<UNet Net="dbg_prbs_rdlvl[33]"/>
		<UNet Net="dbg_prbs_rdlvl[32]"/>
		<UNet Net="dbg_prbs_rdlvl[31]"/>
		<UNet Net="dbg_prbs_rdlvl[30]"/>
		<UNet Net="dbg_prbs_rdlvl[29]"/>
		<UNet Net="dbg_prbs_rdlvl[28]"/>
		<UNet Net="dbg_prbs_rdlvl[27]"/>
		<UNet Net="dbg_prbs_rdlvl[26]"/>
		<UNet Net="dbg_prbs_rdlvl[25]"/>
		<UNet Net="dbg_prbs_rdlvl[24]"/>
		<UNet Net="dbg_prbs_rdlvl[23]"/>
		<UNet Net="dbg_prbs_rdlvl[22]"/>
		<UNet Net="dbg_prbs_rdlvl[21]"/>
		<UNet Net="dbg_prbs_rdlvl[20]"/>
		<UNet Net="dbg_prbs_rdlvl[19]"/>
		<UNet Net="dbg_prbs_rdlvl[18]"/>
		<UNet Net="dbg_prbs_rdlvl[17]"/>
		<UNet Net="dbg_prbs_rdlvl[16]"/>
		<UNet Net="dbg_prbs_rdlvl[15]"/>
		<UNet Net="dbg_prbs_rdlvl[14]"/>
		<UNet Net="dbg_prbs_rdlvl[13]"/>
		<UNet Net="dbg_prbs_rdlvl[12]"/>
		<UNet Net="dbg_prbs_rdlvl[11]"/>
		<UNet Net="dbg_prbs_rdlvl[10]"/>
		<UNet Net="dbg_prbs_rdlvl[9]"/>
		<UNet Net="dbg_prbs_rdlvl[8]"/>
		<UNet Net="dbg_prbs_rdlvl[7]"/>
		<UNet Net="dbg_prbs_rdlvl[6]"/>
		<UNet Net="dbg_prbs_rdlvl[5]"/>
		<UNet Net="dbg_prbs_rdlvl[4]"/>
		<UNet Net="dbg_prbs_rdlvl[3]"/>
		<UNet Net="dbg_prbs_rdlvl[2]"/>
		<UNet Net="dbg_prbs_rdlvl[1]"/>
		<UNet Net="dbg_prbs_rdlvl[0]"/>
		<UNet Net="dbg_axi_cmp_data[31]"/>
		<UNet Net="dbg_axi_cmp_data[30]"/>
		<UNet Net="dbg_axi_cmp_data[29]"/>
		<UNet Net="dbg_axi_cmp_data[28]"/>
		<UNet Net="dbg_axi_cmp_data[27]"/>
		<UNet Net="dbg_axi_cmp_data[26]"/>
		<UNet Net="dbg_axi_cmp_data[25]"/>
		<UNet Net="dbg_axi_cmp_data[24]"/>
		<UNet Net="dbg_axi_cmp_data[23]"/>
		<UNet Net="dbg_axi_cmp_data[22]"/>
		<UNet Net="dbg_axi_cmp_data[21]"/>
		<UNet Net="dbg_axi_cmp_data[20]"/>
		<UNet Net="dbg_axi_cmp_data[19]"/>
		<UNet Net="dbg_axi_cmp_data[18]"/>
		<UNet Net="dbg_axi_cmp_data[17]"/>
		<UNet Net="dbg_axi_cmp_data[16]"/>
		<UNet Net="dbg_axi_cmp_data[15]"/>
		<UNet Net="dbg_axi_cmp_data[14]"/>
		<UNet Net="dbg_axi_cmp_data[13]"/>
		<UNet Net="dbg_axi_cmp_data[12]"/>
		<UNet Net="dbg_axi_cmp_data[11]"/>
		<UNet Net="dbg_axi_cmp_data[10]"/>
		<UNet Net="dbg_axi_cmp_data[9]"/>
		<UNet Net="dbg_axi_cmp_data[8]"/>
		<UNet Net="dbg_axi_cmp_data[7]"/>
		<UNet Net="dbg_axi_cmp_data[6]"/>
		<UNet Net="dbg_axi_cmp_data[5]"/>
		<UNet Net="dbg_axi_cmp_data[4]"/>
		<UNet Net="dbg_axi_cmp_data[3]"/>
		<UNet Net="dbg_axi_cmp_data[2]"/>
		<UNet Net="dbg_axi_cmp_data[1]"/>
		<UNet Net="dbg_axi_cmp_data[0]"/>
		<UNet Net="dbg_axi_rdata_cmp[31]"/>
		<UNet Net="dbg_axi_rdata_cmp[30]"/>
		<UNet Net="dbg_axi_rdata_cmp[29]"/>
		<UNet Net="dbg_axi_rdata_cmp[28]"/>
		<UNet Net="dbg_axi_rdata_cmp[27]"/>
		<UNet Net="dbg_axi_rdata_cmp[26]"/>
		<UNet Net="dbg_axi_rdata_cmp[25]"/>
		<UNet Net="dbg_axi_rdata_cmp[24]"/>
		<UNet Net="dbg_axi_rdata_cmp[23]"/>
		<UNet Net="dbg_axi_rdata_cmp[22]"/>
		<UNet Net="dbg_axi_rdata_cmp[21]"/>
		<UNet Net="dbg_axi_rdata_cmp[20]"/>
		<UNet Net="dbg_axi_rdata_cmp[19]"/>
		<UNet Net="dbg_axi_rdata_cmp[18]"/>
		<UNet Net="dbg_axi_rdata_cmp[17]"/>
		<UNet Net="dbg_axi_rdata_cmp[16]"/>
		<UNet Net="dbg_axi_rdata_cmp[15]"/>
		<UNet Net="dbg_axi_rdata_cmp[14]"/>
		<UNet Net="dbg_axi_rdata_cmp[13]"/>
		<UNet Net="dbg_axi_rdata_cmp[12]"/>
		<UNet Net="dbg_axi_rdata_cmp[11]"/>
		<UNet Net="dbg_axi_rdata_cmp[10]"/>
		<UNet Net="dbg_axi_rdata_cmp[9]"/>
		<UNet Net="dbg_axi_rdata_cmp[8]"/>
		<UNet Net="dbg_axi_rdata_cmp[7]"/>
		<UNet Net="dbg_axi_rdata_cmp[6]"/>
		<UNet Net="dbg_axi_rdata_cmp[5]"/>
		<UNet Net="dbg_axi_rdata_cmp[4]"/>
		<UNet Net="dbg_axi_rdata_cmp[3]"/>
		<UNet Net="dbg_axi_rdata_cmp[2]"/>
		<UNet Net="dbg_axi_rdata_cmp[1]"/>
		<UNet Net="dbg_axi_rdata_cmp[0]"/>
	</UnassignedNets>
</ChipScope>

