<?xml version="1.0" encoding="UTF-8"?>
<DARoots Version="1" Minor="30">
  <FileSet Name="constrs_1" Type="Constrs" RelSrcDir="$PSRCDIR/constrs_1">
    <Filter Type="Constrs"/>
    <File Path="$PSRCDIR/constrs_1/imports/par/example_top.xdc">
      <FileInfo>
        <Attr Name="ImportPath" Val="$PPRDIR/../../HTG-V7-FMC.srcs/sources_1/ip/ddr3_controller/ddr3_controller/example_design/par/example_top.xdc"/>
        <Attr Name="ImportTime" Val="1376710362"/>
        <Attr Name="UsedInSynthesis" Val="1"/>
        <Attr Name="UsedInImplementation" Val="1"/>
        <Attr Name="UsedIn" Val="synthesis"/>
        <Attr Name="UsedIn" Val="implementation"/>
      </FileInfo>
    </File>
    <Config>
      <Option Name="ConstrsType" Val="XDC"/>
    </Config>
  </FileSet>
</DARoots>
